Data,Otwarcie,Najwyzszy,Najnizszy,Zamkniecie
02/01/2015,6309,6309,6309,6309
05/01/2015,6216,6216,6216,6216
06/01/2015,6191,6191,6191,6191
07/01/2015,6170,6170,6170,6170
08/01/2015,6230.5,6230.5,6230.5,6230.5
09/01/2015,6151,6151,6151,6151
12/01/2015,6131,6131,6131,6131
13/01/2015,5915,5915,5915,5915
14/01/2015,5627,5627,5627,5627
15/01/2015,5719,5719,5719,5719
16/01/2015,5660,5660,5660,5660
19/01/2015,5671,5671,5671,5671
20/01/2015,5760.5,5760.5,5760.5,5760.5
21/01/2015,5630.5,5630.5,5630.5,5630.5
22/01/2015,5742,5742,5742,5742
23/01/2015,5581,5581,5581,5581
26/01/2015,5490,5490,5490,5490
27/01/2015,5557,5557,5557,5557
28/01/2015,5485.5,5485.5,5485.5,5485.5
29/01/2015,5390.5,5390.5,5390.5,5390.5
30/01/2015,5505,5505,5505,5505
02/02/2015,5535.5,5535.5,5535.5,5535.5
03/02/2015,5695,5695,5695,5695
04/02/2015,5708,5708,5708,5708
05/02/2015,5595,5595,5595,5595
06/02/2015,5692,5692,5692,5692
09/02/2015,5666,5666,5666,5666
10/02/2015,5591,5591,5591,5591
11/02/2015,5645.5,5645.5,5645.5,5645.5
12/02/2015,5695,5695,5695,5695
13/02/2015,5731,5731,5731,5731
16/02/2015,5712,5712,5712,5712
17/02/2015,5665.5,5665.5,5665.5,5665.5
18/02/2015,5690,5690,5690,5690
19/02/2015,5720,5720,5720,5720
20/02/2015,5707,5707,5707,5707
23/02/2015,5657,5657,5657,5657
24/02/2015,5715,5715,5715,5715
25/02/2015,5805,5805,5805,5805
26/02/2015,5935.5,5935.5,5935.5,5935.5
27/02/2015,5880.5,5880.5,5880.5,5880.5
02/03/2015,5896,5896,5896,5896
03/03/2015,5855,5855,5855,5855
04/03/2015,5882,5882,5882,5882
05/03/2015,5856,5856,5856,5856
06/03/2015,5826.5,5826.5,5826.5,5826.5
09/03/2015,5800,5800,5800,5800
10/03/2015,5783.5,5783.5,5783.5,5783.5
11/03/2015,5786,5786,5786,5786
12/03/2015,5865.5,5865.5,5865.5,5865.5
13/03/2015,5860,5860,5860,5860
16/03/2015,5853,5853,5853,5853
17/03/2015,5765,5765,5765,5765
18/03/2015,5692.5,5692.5,5692.5,5692.5
19/03/2015,5835,5835,5835,5835
20/03/2015,5920,5920,5920,5920
23/03/2015,6093.5,6093.5,6093.5,6093.5
24/03/2015,6128,6128,6128,6128
25/03/2015,6134.5,6134.5,6134.5,6134.5
26/03/2015,6230,6230,6230,6230
27/03/2015,6146,6146,6146,6146
30/03/2015,6110,6110,6110,6110
31/03/2015,6050.5,6050.5,6050.5,6050.5
01/04/2015,6019.5,6019.5,6019.5,6019.5
02/04/2015,6001.5,6001.5,6001.5,6001.5
07/04/2015,6041,6041,6041,6041
08/04/2015,6055,6055,6055,6055
09/04/2015,6050,6050,6050,6050
10/04/2015,6055,6055,6055,6055
13/04/2015,6011.5,6011.5,6011.5,6011.5
14/04/2015,5916.5,5916.5,5916.5,5916.5
15/04/2015,5920.5,5920.5,5920.5,5920.5
16/04/2015,6054,6054,6054,6054
17/04/2015,6081,6081,6081,6081
20/04/2015,6002,6002,6002,6002
21/04/2015,5975,5975,5975,5975
22/04/2015,5927,5927,5927,5927
23/04/2015,5935,5935,5935,5935
24/04/2015,6025.5,6025.5,6025.5,6025.5
27/04/2015,6061,6061,6061,6061
28/04/2015,6090.5,6090.5,6090.5,6090.5
29/04/2015,6103,6103,6103,6103
30/04/2015,6245,6245,6245,6245
01/05/2015,6362,6362,6362,6362
05/05/2015,6410,6410,6410,6410
06/05/2015,6400.5,6400.5,6400.5,6400.5
07/05/2015,6437,6437,6437,6437
08/05/2015,6396.5,6396.5,6396.5,6396.5
11/05/2015,6363,6363,6363,6363
12/05/2015,6448,6448,6448,6448
13/05/2015,6416,6416,6416,6416
14/05/2015,6399,6399,6399,6399
15/05/2015,6356,6356,6356,6356
18/05/2015,6383,6383,6383,6383
19/05/2015,6270,6270,6270,6270
20/05/2015,6208,6208,6208,6208
21/05/2015,6240,6240,6240,6240
22/05/2015,6197.5,6197.5,6197.5,6197.5
26/05/2015,6134.5,6134.5,6134.5,6134.5
27/05/2015,6085,6085,6085,6085
28/05/2015,6117,6117,6117,6117
29/05/2015,6088.5,6088.5,6088.5,6088.5
01/06/2015,5970.5,5970.5,5970.5,5970.5
02/06/2015,5998.5,5998.5,5998.5,5998.5
03/06/2015,5992,5992,5992,5992
04/06/2015,5954,5954,5954,5954
05/06/2015,5924.5,5924.5,5924.5,5924.5
08/06/2015,5915,5915,5915,5915
09/06/2015,5989,5989,5989,5989
10/06/2015,6045.5,6045.5,6045.5,6045.5
11/06/2015,5906,5906,5906,5906
12/06/2015,5888.5,5888.5,5888.5,5888.5
15/06/2015,5760.5,5760.5,5760.5,5760.5
16/06/2015,5752,5752,5752,5752
17/06/2015,5749,5749,5749,5749
18/06/2015,5761,5761,5761,5761
19/06/2015,5663,5663,5663,5663
22/06/2015,5646,5646,5646,5646
23/06/2015,5725,5725,5725,5725
24/06/2015,5765,5765,5765,5765
25/06/2015,5715.5,5715.5,5715.5,5715.5
26/06/2015,5731,5731,5731,5731
29/06/2015,5767,5767,5767,5767
30/06/2015,5721,5721,5721,5721
01/07/2015,5755.5,5755.5,5755.5,5755.5
02/07/2015,5761,5761,5761,5761
03/07/2015,5761.5,5761.5,5761.5,5761.5
06/07/2015,5570,5570,5570,5570
07/07/2015,5440.5,5440.5,5440.5,5440.5
08/07/2015,5375,5375,5375,5375
09/07/2015,5576,5576,5576,5576
10/07/2015,5561.5,5561.5,5561.5,5561.5
13/07/2015,5605.5,5605.5,5605.5,5605.5
14/07/2015,5502.5,5502.5,5502.5,5502.5
15/07/2015,5597,5597,5597,5597
16/07/2015,5530,5530,5530,5530
17/07/2015,5465,5465,5465,5465
20/07/2015,5425,5425,5425,5425
21/07/2015,5475.5,5475.5,5475.5,5475.5
22/07/2015,5350.5,5350.5,5350.5,5350.5
23/07/2015,5340,5340,5340,5340
24/07/2015,5224.5,5224.5,5224.5,5224.5
27/07/2015,5190,5190,5190,5190
28/07/2015,5239.5,5239.5,5239.5,5239.5
29/07/2015,5302,5302,5302,5302
30/07/2015,5241,5241,5241,5241
31/07/2015,5220,5220,5220,5220
03/08/2015,5176.5,5176.5,5176.5,5176.5
04/08/2015,5215.5,5215.5,5215.5,5215.5
05/08/2015,5171.5,5171.5,5171.5,5171.5
06/08/2015,5165,5165,5165,5165
07/08/2015,5135.5,5135.5,5135.5,5135.5
10/08/2015,5150,5150,5150,5150
11/08/2015,5140,5140,5140,5140
12/08/2015,5103,5103,5103,5103
13/08/2015,5148,5148,5148,5148
14/08/2015,5156,5156,5156,5156
17/08/2015,5101,5101,5101,5101
18/08/2015,5000.5,5000.5,5000.5,5000.5
19/08/2015,5006.5,5006.5,5006.5,5006.5
20/08/2015,5060.5,5060.5,5060.5,5060.5
21/08/2015,5046,5046,5046,5046
24/08/2015,4888,4888,4888,4888
25/08/2015,5032,5032,5032,5032
26/08/2015,4959,4959,4959,4959
27/08/2015,5029,5029,5029,5029
28/08/2015,5095,5095,5095,5095
01/09/2015,5095,5095,5095,5095
02/09/2015,5090.5,5090.5,5090.5,5090.5
03/09/2015,5250,5250,5250,5250
04/09/2015,5155.5,5155.5,5155.5,5155.5
07/09/2015,5176,5176,5176,5176
08/09/2015,5280,5280,5280,5280
09/09/2015,5366,5366,5366,5366
10/09/2015,5400,5400,5400,5400
11/09/2015,5352,5352,5352,5352
14/09/2015,5324,5324,5324,5324
15/09/2015,5290,5290,5290,5290
16/09/2015,5350,5350,5350,5350
17/09/2015,5369,5369,5369,5369
18/09/2015,5358,5358,5358,5358
21/09/2015,5267,5267,5267,5267
22/09/2015,5131,5131,5131,5131
23/09/2015,5112,5112,5112,5112
24/09/2015,5046,5046,5046,5046
25/09/2015,5098,5098,5098,5098
28/09/2015,4965,4965,4965,4965
29/09/2015,5010,5010,5010,5010
30/09/2015,5093,5093,5093,5093
01/10/2015,5178,5178,5178,5178
02/10/2015,5081,5081,5081,5081
05/10/2015,5144.5,5144.5,5144.5,5144.5
06/10/2015,5175,5175,5175,5175
07/10/2015,5241,5241,5241,5241
08/10/2015,5160,5160,5160,5160
09/10/2015,5319,5319,5319,5319
12/10/2015,5335,5335,5335,5335
13/10/2015,5260.5,5260.5,5260.5,5260.5
14/10/2015,5278,5278,5278,5278
15/10/2015,5344,5344,5344,5344
16/10/2015,5270,5270,5270,5270
19/10/2015,5240,5240,5240,5240
20/10/2015,5189,5189,5189,5189
21/10/2015,5185.5,5185.5,5185.5,5185.5
22/10/2015,5274,5274,5274,5274
23/10/2015,5295,5295,5295,5295
26/10/2015,5233,5233,5233,5233
27/10/2015,5219.5,5219.5,5219.5,5219.5
28/10/2015,5179,5179,5179,5179
29/10/2015,5161,5161,5161,5161
30/10/2015,5135.5,5135.5,5135.5,5135.5
02/11/2015,5137.5,5137.5,5137.5,5137.5
03/11/2015,5149,5149,5149,5149
04/11/2015,5165.5,5165.5,5165.5,5165.5
05/11/2015,5053,5053,5053,5053
06/11/2015,5000,5000,5000,5000
09/11/2015,4990,4990,4990,4990
10/11/2015,4933.5,4933.5,4933.5,4933.5
11/11/2015,4931,4931,4931,4931
12/11/2015,4872.5,4872.5,4872.5,4872.5
13/11/2015,4825,4825,4825,4825
16/11/2015,4765,4765,4765,4765
17/11/2015,4700,4700,4700,4700
18/11/2015,4669,4669,4669,4669
19/11/2015,4610,4610,4610,4610
20/11/2015,4690,4690,4690,4690
23/11/2015,4515.5,4515.5,4515.5,4515.5
24/11/2015,4527,4527,4527,4527
25/11/2015,4541,4541,4541,4541
26/11/2015,4667,4667,4667,4667
27/11/2015,4636,4636,4636,4636
30/11/2015,4595.5,4595.5,4595.5,4595.5
01/12/2015,4619,4619,4619,4619
02/12/2015,4589,4589,4589,4589
03/12/2015,4525,4525,4525,4525
04/12/2015,4637,4637,4637,4637
07/12/2015,4592.5,4592.5,4592.5,4592.5
08/12/2015,4567.5,4567.5,4567.5,4567.5
09/12/2015,4620,4620,4620,4620
10/12/2015,4572,4572,4572,4572
11/12/2015,4667,4667,4667,4667
14/12/2015,4640,4640,4640,4640
15/12/2015,4586,4586,4586,4586
16/12/2015,4583,4583,4583,4583
17/12/2015,4550,4550,4550,4550
18/12/2015,4650,4650,4650,4650
21/12/2015,4691,4691,4691,4691
22/12/2015,4672.5,4672.5,4672.5,4672.5
23/12/2015,4680,4680,4680,4680
24/12/2015,4665.5,4665.5,4665.5,4665.5
29/12/2015,4685,4685,4685,4685
30/12/2015,4715,4715,4715,4715
31/12/2015,4702,4702,4702,4702
04/01/2016,4645,4645,4645,4645
05/01/2016,4647,4647,4647,4647
06/01/2016,4600,4600,4600,4600
07/01/2016,4514,4514,4514,4514
08/01/2016,4486.5,4486.5,4486.5,4486.5
11/01/2016,4402.5,4402.5,4402.5,4402.5
12/01/2016,4355,4355,4355,4355
13/01/2016,4380,4380,4380,4380
14/01/2016,4365.5,4365.5,4365.5,4365.5
15/01/2016,4310.5,4310.5,4310.5,4310.5
18/01/2016,4360,4360,4360,4360
19/01/2016,4440.5,4440.5,4440.5,4440.5
20/01/2016,4347,4347,4347,4347
21/01/2016,4376,4376,4376,4376
22/01/2016,4468,4468,4468,4468
25/01/2016,4454,4454,4454,4454
26/01/2016,4501,4501,4501,4501
27/01/2016,4507.5,4507.5,4507.5,4507.5
28/01/2016,4553.5,4553.5,4553.5,4553.5
29/01/2016,4541.5,4541.5,4541.5,4541.5
01/02/2016,4534,4534,4534,4534
02/02/2016,4605.5,4605.5,4605.5,4605.5
03/02/2016,4578.5,4578.5,4578.5,4578.5
04/02/2016,4685,4685,4685,4685
05/02/2016,4669,4669,4669,4669
08/02/2016,4572.5,4572.5,4572.5,4572.5
09/02/2016,4530.5,4530.5,4530.5,4530.5
10/02/2016,4507,4507,4507,4507
11/02/2016,4474,4474,4474,4474
12/02/2016,4488.5,4488.5,4488.5,4488.5
15/02/2016,4562,4562,4562,4562
16/02/2016,4583.5,4583.5,4583.5,4583.5
17/02/2016,4562,4562,4562,4562
18/02/2016,4577,4577,4577,4577
19/02/2016,4590,4590,4590,4590
22/02/2016,4696,4696,4696,4696
23/02/2016,4663.5,4663.5,4663.5,4663.5
24/02/2016,4585.5,4585.5,4585.5,4585.5
25/02/2016,4655,4655,4655,4655
26/02/2016,4681,4681,4681,4681
29/02/2016,4705,4705,4705,4705
01/03/2016,4726,4726,4726,4726
02/03/2016,4780,4780,4780,4780
03/03/2016,4830,4830,4830,4830
04/03/2016,4918,4918,4918,4918
07/03/2016,5000,5000,5000,5000
08/03/2016,4980.5,4980.5,4980.5,4980.5
09/03/2016,4935.5,4935.5,4935.5,4935.5
10/03/2016,4920.5,4920.5,4920.5,4920.5
11/03/2016,4941,4941,4941,4941
14/03/2016,4994,4994,4994,4994
15/03/2016,4920,4920,4920,4920
16/03/2016,4945,4945,4945,4945
17/03/2016,5029,5029,5029,5029
18/03/2016,5103,5103,5103,5103
21/03/2016,5079.5,5079.5,5079.5,5079.5
22/03/2016,5070,5070,5070,5070
23/03/2016,5060.5,5060.5,5060.5,5060.5
24/03/2016,4931,4931,4931,4931
29/03/2016,4939.5,4939.5,4939.5,4939.5
30/03/2016,4940,4940,4940,4940
31/03/2016,4855.5,4855.5,4855.5,4855.5
01/04/2016,4880,4880,4880,4880
04/04/2016,4816,4816,4816,4816
05/04/2016,4776,4776,4776,4776
06/04/2016,4775,4775,4775,4775
07/04/2016,4715,4715,4715,4715
08/04/2016,4654,4654,4654,4654
11/04/2016,4645,4645,4645,4645
12/04/2016,4715.5,4715.5,4715.5,4715.5
13/04/2016,4838,4838,4838,4838
14/04/2016,4830.5,4830.5,4830.5,4830.5
15/04/2016,4813.5,4813.5,4813.5,4813.5
18/04/2016,4798,4798,4798,4798
19/04/2016,4812,4812,4812,4812
20/04/2016,4938.5,4938.5,4938.5,4938.5
21/04/2016,5025.5,5025.5,5025.5,5025.5
22/04/2016,5015.5,5015.5,5015.5,5015.5
25/04/2016,5000.5,5000.5,5000.5,5000.5
26/04/2016,4935.5,4935.5,4935.5,4935.5
27/04/2016,4932,4932,4932,4932
28/04/2016,4912.5,4912.5,4912.5,4912.5
29/04/2016,5045,5045,5045,5045
03/05/2016,4960,4960,4960,4960
04/05/2016,4892,4892,4892,4892
05/05/2016,4826,4826,4826,4826
06/05/2016,4810,4810,4810,4810
09/05/2016,4739.5,4739.5,4739.5,4739.5
10/05/2016,4710,4710,4710,4710
11/05/2016,4748,4748,4748,4748
12/05/2016,4744,4744,4744,4744
13/05/2016,4660,4660,4660,4660
16/05/2016,4640.5,4640.5,4640.5,4640.5
17/05/2016,4634,4634,4634,4634
18/05/2016,4600.5,4600.5,4600.5,4600.5
19/05/2016,4596,4596,4596,4596
20/05/2016,4630.5,4630.5,4630.5,4630.5
23/05/2016,4572,4572,4572,4572
24/05/2016,4637,4637,4637,4637
25/05/2016,4636,4636,4636,4636
26/05/2016,4705.5,4705.5,4705.5,4705.5
27/05/2016,4725.5,4725.5,4725.5,4725.5
30/05/2016,4725.5,4725.5,4725.5,4725.5
31/05/2016,4700,4700,4700,4700
01/06/2016,4601,4601,4601,4601
02/06/2016,4600,4600,4600,4600
03/06/2016,4688,4688,4688,4688
06/06/2016,4706,4706,4706,4706
07/06/2016,4589,4589,4589,4589
08/06/2016,4590.5,4590.5,4590.5,4590.5
09/06/2016,4546,4546,4546,4546
10/06/2016,4504,4504,4504,4504
13/06/2016,4515,4515,4515,4515
14/06/2016,4510.5,4510.5,4510.5,4510.5
15/06/2016,4632,4632,4632,4632
16/06/2016,4524.5,4524.5,4524.5,4524.5
17/06/2016,4521.5,4521.5,4521.5,4521.5
20/06/2016,4585,4585,4585,4585
21/06/2016,4587,4587,4587,4587
22/06/2016,4687.5,4687.5,4687.5,4687.5
23/06/2016,4747,4747,4747,4747
24/06/2016,4663,4663,4663,4663
27/06/2016,4692,4692,4692,4692
28/06/2016,4777.5,4777.5,4777.5,4777.5
29/06/2016,4780,4780,4780,4780
30/06/2016,4827,4827,4827,4827
01/07/2016,4783.5,4783.5,4783.5,4783.5
04/07/2016,4920,4920,4920,4920
05/07/2016,4840.5,4840.5,4840.5,4840.5
06/07/2016,4706,4706,4706,4706
07/07/2016,4725,4725,4725,4725
08/07/2016,4710,4710,4710,4710
11/07/2016,4746,4746,4746,4746
12/07/2016,4811.5,4811.5,4811.5,4811.5
13/07/2016,4918.5,4918.5,4918.5,4918.5
14/07/2016,4911.5,4911.5,4911.5,4911.5
15/07/2016,4945.5,4945.5,4945.5,4945.5
18/07/2016,4839,4839,4839,4839
19/07/2016,4938,4938,4938,4938
20/07/2016,4900.5,4900.5,4900.5,4900.5
21/07/2016,4953.5,4953.5,4953.5,4953.5
22/07/2016,4956,4956,4956,4956
25/07/2016,4920,4920,4920,4920
26/07/2016,4862,4862,4862,4862
27/07/2016,4869.5,4869.5,4869.5,4869.5
28/07/2016,4862,4862,4862,4862
29/07/2016,4853,4853,4853,4853
01/08/2016,4907,4907,4907,4907
02/08/2016,4885.5,4885.5,4885.5,4885.5
03/08/2016,4844.5,4844.5,4844.5,4844.5
04/08/2016,4787,4787,4787,4787
05/08/2016,4792.5,4792.5,4792.5,4792.5
08/08/2016,4796,4796,4796,4796
09/08/2016,4779,4779,4779,4779
10/08/2016,4874.5,4874.5,4874.5,4874.5
11/08/2016,4810,4810,4810,4810
12/08/2016,4746,4746,4746,4746
15/08/2016,4746,4746,4746,4746
16/08/2016,4798,4798,4798,4798
17/08/2016,4755.5,4755.5,4755.5,4755.5
18/08/2016,4802.5,4802.5,4802.5,4802.5
19/08/2016,4774,4774,4774,4774
22/08/2016,4732,4732,4732,4732
23/08/2016,4719,4719,4719,4719
24/08/2016,4658.5,4658.5,4658.5,4658.5
25/08/2016,4639.5,4639.5,4639.5,4639.5
26/08/2016,4622,4622,4622,4622
30/08/2016,4609,4609,4609,4609
31/08/2016,4602.5,4602.5,4602.5,4602.5
01/09/2016,4620,4620,4620,4620
02/09/2016,4607,4607,4607,4607
05/09/2016,4603,4603,4603,4603
06/09/2016,4623,4623,4623,4623
07/09/2016,4643,4643,4643,4643
08/09/2016,4617.5,4617.5,4617.5,4617.5
09/09/2016,4622.5,4622.5,4622.5,4622.5
12/09/2016,4573,4573,4573,4573
13/09/2016,4641.5,4641.5,4641.5,4641.5
14/09/2016,4694.5,4694.5,4694.5,4694.5
15/09/2016,4727,4727,4727,4727
16/09/2016,4733.5,4733.5,4733.5,4733.5
19/09/2016,4731.5,4731.5,4731.5,4731.5
20/09/2016,4732.5,4732.5,4732.5,4732.5
21/09/2016,4733,4733,4733,4733
22/09/2016,4815.5,4815.5,4815.5,4815.5
23/09/2016,4815,4815,4815,4815
26/09/2016,4794,4794,4794,4794
27/09/2016,4775,4775,4775,4775
28/09/2016,4807.5,4807.5,4807.5,4807.5
29/09/2016,4816.5,4816.5,4816.5,4816.5
30/09/2016,4832,4832,4832,4832
03/10/2016,4807,4807,4807,4807
04/10/2016,4790.5,4790.5,4790.5,4790.5
05/10/2016,4777.5,4777.5,4777.5,4777.5
06/10/2016,4742,4742,4742,4742
07/10/2016,4742,4742,4742,4742
10/10/2016,4786,4786,4786,4786
11/10/2016,4801.5,4801.5,4801.5,4801.5
12/10/2016,4805,4805,4805,4805
13/10/2016,4754.5,4754.5,4754.5,4754.5
14/10/2016,4672.5,4672.5,4672.5,4672.5
17/10/2016,4671.5,4671.5,4671.5,4671.5
18/10/2016,4665.5,4665.5,4665.5,4665.5
19/10/2016,4642.5,4642.5,4642.5,4642.5
20/10/2016,4633.5,4633.5,4633.5,4633.5
21/10/2016,4637,4637,4637,4637
24/10/2016,4620.5,4620.5,4620.5,4620.5
25/10/2016,4720,4720,4720,4720
26/10/2016,4717.5,4717.5,4717.5,4717.5
27/10/2016,4774,4774,4774,4774
28/10/2016,4787,4787,4787,4787
31/10/2016,4827.5,4827.5,4827.5,4827.5
01/11/2016,4862.5,4862.5,4862.5,4862.5
02/11/2016,4871,4871,4871,4871
03/11/2016,4918,4918,4918,4918
04/11/2016,4943,4943,4943,4943
07/11/2016,5032,5032,5032,5032
08/11/2016,5044,5044,5044,5044
09/11/2016,5335,5335,5335,5335
10/11/2016,5619,5619,5619,5619
11/11/2016,5900,5900,5900,5900
14/11/2016,5620,5620,5620,5620
15/11/2016,5448,5448,5448,5448
16/11/2016,5459,5459,5459,5459
17/11/2016,5426,5426,5426,5426
18/11/2016,5446,5446,5446,5446
21/11/2016,5535.5,5535.5,5535.5,5535.5
22/11/2016,5618,5618,5618,5618
23/11/2016,5564,5564,5564,5564
24/11/2016,5834.5,5834.5,5834.5,5834.5
25/11/2016,5822.5,5822.5,5822.5,5822.5
28/11/2016,5935.5,5935.5,5935.5,5935.5
29/11/2016,5778,5778,5778,5778
30/11/2016,5740,5740,5740,5740
01/12/2016,5773,5773,5773,5773
02/12/2016,5736,5736,5736,5736
05/12/2016,5851.5,5851.5,5851.5,5851.5
06/12/2016,5856,5856,5856,5856
07/12/2016,5903.5,5903.5,5903.5,5903.5
08/12/2016,5838,5838,5838,5838
09/12/2016,5824,5824,5824,5824
12/12/2016,5757,5757,5757,5757
13/12/2016,5765.5,5765.5,5765.5,5765.5
14/12/2016,5735,5735,5735,5735
15/12/2016,5682.5,5682.5,5682.5,5682.5
16/12/2016,5649,5649,5649,5649
19/12/2016,5561,5561,5561,5561
20/12/2016,5485.5,5485.5,5485.5,5485.5
21/12/2016,5498.5,5498.5,5498.5,5498.5
22/12/2016,5426,5426,5426,5426
23/12/2016,5482,5482,5482,5482
26/12/2016,5482,5482,5482,5482
28/12/2016,5486,5486,5486,5486
29/12/2016,5514,5514,5514,5514
30/12/2016,5501,5501,5501,5501
03/01/2017,5574,5574,5574,5574
04/01/2017,5500.5,5500.5,5500.5,5500.5
05/01/2017,5611,5611,5611,5611
06/01/2017,5546.5,5546.5,5546.5,5546.5
09/01/2017,5551.5,5551.5,5551.5,5551.5
10/01/2017,5642,5642,5642,5642
11/01/2017,5709.5,5709.5,5709.5,5709.5
12/01/2017,5752.5,5752.5,5752.5,5752.5
13/01/2017,5797,5797,5797,5797
16/01/2017,5857,5857,5857,5857
17/01/2017,5771.5,5771.5,5771.5,5771.5
18/01/2017,5721,5721,5721,5721
19/01/2017,5710,5710,5710,5710
20/01/2017,5706,5706,5706,5706
23/01/2017,5775,5775,5775,5775
24/01/2017,5879,5879,5879,5879
25/01/2017,5867,5867,5867,5867
26/01/2017,5890,5890,5890,5890
27/01/2017,5847,5847,5847,5847
30/01/2017,5857,5857,5857,5857
31/01/2017,5921,5921,5921,5921
01/02/2017,5931,5931,5931,5931
02/02/2017,5903,5903,5903,5903
03/02/2017,5836,5836,5836,5836
06/02/2017,5786,5786,5786,5786
07/02/2017,5802,5802,5802,5802
08/02/2017,5865,5865,5865,5865
09/02/2017,5863,5863,5863,5863
10/02/2017,5872,5872,5872,5872
13/02/2017,6111,6111,6111,6111
14/02/2017,6145,6145,6145,6145
15/02/2017,6016,6016,6016,6016
16/02/2017,6015,6015,6015,6015
17/02/2017,5939,5939,5939,5939
20/02/2017,6002,6002,6002,6002
21/02/2017,6034,6034,6034,6034
22/02/2017,5976,5976,5976,5976
23/02/2017,5991,5991,5991,5991
24/02/2017,5881,5881,5881,5881
27/02/2017,5927,5927,5927,5927
28/02/2017,5936,5936,5936,5936
01/03/2017,6040,6040,6040,6040
02/03/2017,5994,5994,5994,5994
03/03/2017,5910,5910,5910,5910
06/03/2017,5856,5856,5856,5856
07/03/2017,5807,5807,5807,5807
08/03/2017,5782,5782,5782,5782
09/03/2017,5655,5655,5655,5655
10/03/2017,5714.5,5714.5,5714.5,5714.5
13/03/2017,5794,5794,5794,5794
14/03/2017,5747,5747,5747,5747
15/03/2017,5850,5850,5850,5850
16/03/2017,5911,5911,5911,5911
17/03/2017,5889,5889,5889,5889
20/03/2017,5891,5891,5891,5891
21/03/2017,5765.5,5765.5,5765.5,5765.5
22/03/2017,5712,5712,5712,5712
23/03/2017,5790.5,5790.5,5790.5,5790.5
24/03/2017,5782.5,5782.5,5782.5,5782.5
27/03/2017,5673.5,5673.5,5673.5,5673.5
28/03/2017,5774.5,5774.5,5774.5,5774.5
29/03/2017,5847,5847,5847,5847
30/03/2017,5860,5860,5860,5860
31/03/2017,5849,5849,5849,5849
03/04/2017,5817,5817,5817,5817
04/04/2017,5724.5,5724.5,5724.5,5724.5
05/04/2017,5808.5,5808.5,5808.5,5808.5
06/04/2017,5870.5,5870.5,5870.5,5870.5
07/04/2017,5770,5770,5770,5770
10/04/2017,5731,5731,5731,5731
11/04/2017,5746,5746,5746,5746
12/04/2017,5685,5685,5685,5685
13/04/2017,5655,5655,5655,5655
18/04/2017,5620.5,5620.5,5620.5,5620.5
19/04/2017,5600.5,5600.5,5600.5,5600.5
20/04/2017,5611.5,5611.5,5611.5,5611.5
21/04/2017,5601,5601,5601,5601
24/04/2017,5612,5612,5612,5612
25/04/2017,5652.5,5652.5,5652.5,5652.5
26/04/2017,5677.5,5677.5,5677.5,5677.5
27/04/2017,5686.5,5686.5,5686.5,5686.5
28/04/2017,5688.5,5688.5,5688.5,5688.5
02/05/2017,5746.5,5746.5,5746.5,5746.5
03/05/2017,5636.5,5636.5,5636.5,5636.5
04/05/2017,5543,5543,5543,5543
05/05/2017,5530.5,5530.5,5530.5,5530.5
08/05/2017,5466,5466,5466,5466
09/05/2017,5496,5496,5496,5496
10/05/2017,5512,5512,5512,5512
11/05/2017,5580.5,5580.5,5580.5,5580.5
12/05/2017,5520,5520,5520,5520
15/05/2017,5586,5586,5586,5586
16/05/2017,5584,5584,5584,5584
17/05/2017,5575,5575,5575,5575
18/05/2017,5490,5490,5490,5490
19/05/2017,5596,5596,5596,5596
22/05/2017,5677,5677,5677,5677
23/05/2017,5660.5,5660.5,5660.5,5660.5
24/05/2017,5662.5,5662.5,5662.5,5662.5
25/05/2017,5665,5665,5665,5665
26/05/2017,5671,5671,5671,5671
30/05/2017,5608,5608,5608,5608
31/05/2017,5615.5,5615.5,5615.5,5615.5
01/06/2017,5636.5,5636.5,5636.5,5636.5
02/06/2017,5559.5,5559.5,5559.5,5559.5
05/06/2017,5586.5,5586.5,5586.5,5586.5
06/06/2017,5540.5,5540.5,5540.5,5540.5
07/06/2017,5575.5,5575.5,5575.5,5575.5
08/06/2017,5647.5,5647.5,5647.5,5647.5
09/06/2017,5739,5739,5739,5739
12/06/2017,5752,5752,5752,5752
13/06/2017,5659,5659,5659,5659
14/06/2017,5684.5,5684.5,5684.5,5684.5
15/06/2017,5637,5637,5637,5637
16/06/2017,5655.5,5655.5,5655.5,5655.5
19/06/2017,5687,5687,5687,5687
20/06/2017,5673.5,5673.5,5673.5,5673.5
21/06/2017,5650,5650,5650,5650
22/06/2017,5736,5736,5736,5736
23/06/2017,5774,5774,5774,5774
26/06/2017,5771,5771,5771,5771
27/06/2017,5789,5789,5789,5789
28/06/2017,5822,5822,5822,5822
29/06/2017,5905.5,5905.5,5905.5,5905.5
30/06/2017,5907.5,5907.5,5907.5,5907.5
03/07/2017,5894,5894,5894,5894
04/07/2017,5847,5847,5847,5847
05/07/2017,5818,5818,5818,5818
06/07/2017,5828.5,5828.5,5828.5,5828.5
07/07/2017,5809,5809,5809,5809
10/07/2017,5780,5780,5780,5780
11/07/2017,5795,5795,5795,5795
12/07/2017,5882.5,5882.5,5882.5,5882.5
13/07/2017,5902,5902,5902,5902
14/07/2017,5858,5858,5858,5858
17/07/2017,5965.5,5965.5,5965.5,5965.5
18/07/2017,5940.5,5940.5,5940.5,5940.5
19/07/2017,5956,5956,5956,5956
20/07/2017,5930,5930,5930,5930
21/07/2017,6001.5,6001.5,6001.5,6001.5
24/07/2017,6000,6000,6000,6000
25/07/2017,6150,6150,6150,6150
26/07/2017,6238,6238,6238,6238
27/07/2017,6325,6325,6325,6325
28/07/2017,6283,6283,6283,6283
31/07/2017,6347,6347,6347,6347
01/08/2017,6300.5,6300.5,6300.5,6300.5
02/08/2017,6300,6300,6300,6300
03/08/2017,6290,6290,6290,6290
04/08/2017,6330,6330,6330,6330
07/08/2017,6333,6333,6333,6333
08/08/2017,6364,6364,6364,6364
09/08/2017,6465,6465,6465,6465
10/08/2017,6416.5,6416.5,6416.5,6416.5
11/08/2017,6353.5,6353.5,6353.5,6353.5
14/08/2017,6351,6351,6351,6351
15/08/2017,6382,6382,6382,6382
16/08/2017,6433,6433,6433,6433
17/08/2017,6460,6460,6460,6460
18/08/2017,6453,6453,6453,6453
21/08/2017,6514.5,6514.5,6514.5,6514.5
22/08/2017,6584,6584,6584,6584
23/08/2017,6555,6555,6555,6555
24/08/2017,6577,6577,6577,6577
25/08/2017,6714,6714,6714,6714
29/08/2017,6797,6797,6797,6797
30/08/2017,6755,6755,6755,6755
31/08/2017,6792,6792,6792,6792
01/09/2017,6776,6776,6776,6776
04/09/2017,6873,6873,6873,6873
05/09/2017,6904,6904,6904,6904
06/09/2017,6864,6864,6864,6864
07/09/2017,6842.5,6842.5,6842.5,6842.5
08/09/2017,6780,6780,6780,6780
11/09/2017,6737,6737,6737,6737
12/09/2017,6601.5,6601.5,6601.5,6601.5
13/09/2017,6527,6527,6527,6527
14/09/2017,6418.5,6418.5,6418.5,6418.5
15/09/2017,6457,6457,6457,6457
18/09/2017,6487,6487,6487,6487
19/09/2017,6492,6492,6492,6492
20/09/2017,6520,6520,6520,6520
21/09/2017,6407.5,6407.5,6407.5,6407.5
22/09/2017,6405,6405,6405,6405
25/09/2017,6416,6416,6416,6416
26/09/2017,6423,6423,6423,6423
27/09/2017,6426,6426,6426,6426
28/09/2017,6405,6405,6405,6405
29/09/2017,6485,6485,6485,6485
02/10/2017,6455,6455,6455,6455
03/10/2017,6447,6447,6447,6447
04/10/2017,6453,6453,6453,6453
05/10/2017,6511,6511,6511,6511
06/10/2017,6639,6639,6639,6639
09/10/2017,6607,6607,6607,6607
10/10/2017,6641,6641,6641,6641
11/10/2017,6685,6685,6685,6685
12/10/2017,6813,6813,6813,6813
13/10/2017,6858,6858,6858,6858
16/10/2017,7063,7063,7063,7063
17/10/2017,7046,7046,7046,7046
18/10/2017,6971.5,6971.5,6971.5,6971.5
19/10/2017,6920,6920,6920,6920
20/10/2017,7008.5,7008.5,7008.5,7008.5
23/10/2017,6959,6959,6959,6959
24/10/2017,7073.5,7073.5,7073.5,7073.5
25/10/2017,6970.5,6970.5,6970.5,6970.5
26/10/2017,6965,6965,6965,6965
27/10/2017,6831.5,6831.5,6831.5,6831.5
30/10/2017,6823,6823,6823,6823
31/10/2017,6802,6802,6802,6802
01/11/2017,6918,6918,6918,6918
02/11/2017,6855,6855,6855,6855
03/11/2017,6914.5,6914.5,6914.5,6914.5
06/11/2017,6902.5,6902.5,6902.5,6902.5
07/11/2017,6863,6863,6863,6863
08/11/2017,6812,6812,6812,6812
09/11/2017,6777,6777,6777,6777
10/11/2017,6797,6797,6797,6797
13/11/2017,6768,6768,6768,6768
14/11/2017,6822.5,6822.5,6822.5,6822.5
15/11/2017,6715.5,6715.5,6715.5,6715.5
16/11/2017,6764,6764,6764,6764
17/11/2017,6728.5,6728.5,6728.5,6728.5
20/11/2017,6752,6752,6752,6752
21/11/2017,6828,6828,6828,6828
22/11/2017,6872.5,6872.5,6872.5,6872.5
23/11/2017,6895.5,6895.5,6895.5,6895.5
24/11/2017,6967.5,6967.5,6967.5,6967.5
27/11/2017,6892,6892,6892,6892
28/11/2017,6800,6800,6800,6800
29/11/2017,6756.5,6756.5,6756.5,6756.5
30/11/2017,6761,6761,6761,6761
01/12/2017,6734,6734,6734,6734
04/12/2017,6807,6807,6807,6807
05/12/2017,6645,6645,6645,6645
06/12/2017,6539,6539,6539,6539
07/12/2017,6530.5,6530.5,6530.5,6530.5
08/12/2017,6538.5,6538.5,6538.5,6538.5
11/12/2017,6547.5,6547.5,6547.5,6547.5
12/12/2017,6614,6614,6614,6614
13/12/2017,6685,6685,6685,6685
14/12/2017,6723,6723,6723,6723
15/12/2017,6735.5,6735.5,6735.5,6735.5
18/12/2017,6844,6844,6844,6844
19/12/2017,6845,6845,6845,6845
20/12/2017,6925,6925,6925,6925
21/12/2017,6977,6977,6977,6977
22/12/2017,7019,7019,7019,7019
27/12/2017,7140,7140,7140,7140
28/12/2017,7216,7216,7216,7216
29/12/2017,7157,7157,7157,7157
02/01/2018,7181,7181,7181,7181
03/01/2018,7115.5,7115.5,7115.5,7115.5
04/01/2018,7202.5,7202.5,7202.5,7202.5
05/01/2018,7097,7097,7097,7097
08/01/2018,7084.5,7084.5,7084.5,7084.5
09/01/2018,7092,7092,7092,7092
10/01/2018,7140.5,7140.5,7140.5,7140.5
11/01/2018,7123,7123,7123,7123
12/01/2018,7070.5,7070.5,7070.5,7070.5
15/01/2018,7180,7180,7180,7180
16/01/2018,7023,7023,7023,7023
17/01/2018,7047,7047,7047,7047
18/01/2018,7047,7047,7047,7047
19/01/2018,7079,7079,7079,7079
22/01/2018,7049,7049,7049,7049
23/01/2018,6905,6905,6905,6905
24/01/2018,6943,6943,6943,6943
25/01/2018,7112,7112,7112,7112
26/01/2018,7063.5,7063.5,7063.5,7063.5
29/01/2018,7062,7062,7062,7062
30/01/2018,7049,7049,7049,7049
31/01/2018,7100.5,7100.5,7100.5,7100.5
01/02/2018,7027,7027,7027,7027
02/02/2018,7066,7066,7066,7066
05/02/2018,7050,7050,7050,7050
06/02/2018,7060,7060,7060,7060
07/02/2018,7006,7006,7006,7006
08/02/2018,6838,6838,6838,6838
09/02/2018,6755,6755,6755,6755
12/02/2018,6786.5,6786.5,6786.5,6786.5
13/02/2018,6908,6908,6908,6908
14/02/2018,6962,6962,6962,6962
15/02/2018,7098,7098,7098,7098
16/02/2018,7159,7159,7159,7159
19/02/2018,7093,7093,7093,7093
20/02/2018,7027,7027,7027,7027
21/02/2018,7003,7003,7003,7003
22/02/2018,7032,7032,7032,7032
23/02/2018,7073.5,7073.5,7073.5,7073.5
26/02/2018,7111,7111,7111,7111
27/02/2018,7028,7028,7028,7028
28/02/2018,6953,6953,6953,6953
01/03/2018,6852,6852,6852,6852
02/03/2018,6883,6883,6883,6883
05/03/2018,6850,6850,6850,6850
06/03/2018,6968.5,6968.5,6968.5,6968.5
07/03/2018,6873,6873,6873,6873
08/03/2018,6830,6830,6830,6830
09/03/2018,6808,6808,6808,6808
12/03/2018,6857,6857,6857,6857
13/03/2018,6883,6883,6883,6883
14/03/2018,7015,7015,7015,7015
15/03/2018,6885.5,6885.5,6885.5,6885.5
16/03/2018,6923,6923,6923,6923
19/03/2018,6791.5,6791.5,6791.5,6791.5
20/03/2018,6784,6784,6784,6784
21/03/2018,6675,6675,6675,6675
22/03/2018,6746.5,6746.5,6746.5,6746.5
23/03/2018,6658,6658,6658,6658
26/03/2018,6500,6500,6500,6500
27/03/2018,6641.5,6641.5,6641.5,6641.5
28/03/2018,6601.5,6601.5,6601.5,6601.5
29/03/2018,6685,6685,6685,6685
03/04/2018,6756,6756,6756,6756
04/04/2018,6625,6625,6625,6625
05/04/2018,6767,6767,6767,6767
06/04/2018,6703,6703,6703,6703
09/04/2018,6767,6767,6767,6767
10/04/2018,6888,6888,6888,6888
11/04/2018,6930.5,6930.5,6930.5,6930.5
12/04/2018,6756,6756,6756,6756
13/04/2018,6830,6830,6830,6830
16/04/2018,6811.5,6811.5,6811.5,6811.5
17/04/2018,6784,6784,6784,6784
18/04/2018,6936,6936,6936,6936
19/04/2018,6942,6942,6942,6942
20/04/2018,6939,6939,6939,6939
23/04/2018,6923,6923,6923,6923
24/04/2018,6987,6987,6987,6987
25/04/2018,6960.5,6960.5,6960.5,6960.5
26/04/2018,6885.5,6885.5,6885.5,6885.5
27/04/2018,6797,6797,6797,6797
30/04/2018,6783,6783,6783,6783
01/05/2018,6777.5,6777.5,6777.5,6777.5
02/05/2018,6785,6785,6785,6785
03/05/2018,6837,6837,6837,6837
04/05/2018,6783,6783,6783,6783
08/05/2018,6722,6722,6722,6722
09/05/2018,6786,6786,6786,6786
10/05/2018,6862,6862,6862,6862
11/05/2018,6869,6869,6869,6869
14/05/2018,6828,6828,6828,6828
15/05/2018,6822.5,6822.5,6822.5,6822.5
16/05/2018,6773.5,6773.5,6773.5,6773.5
17/05/2018,6838,6838,6838,6838
18/05/2018,6783.5,6783.5,6783.5,6783.5
21/05/2018,6861,6861,6861,6861
22/05/2018,6931.5,6931.5,6931.5,6931.5
23/05/2018,6800,6800,6800,6800
24/05/2018,6835,6835,6835,6835
25/05/2018,6886,6886,6886,6886
29/05/2018,6841.5,6841.5,6841.5,6841.5
30/05/2018,6810,6810,6810,6810
31/05/2018,6825,6825,6825,6825
01/06/2018,6814,6814,6814,6814
04/06/2018,6935,6935,6935,6935
05/06/2018,6971,6971,6971,6971
06/06/2018,7147,7147,7147,7147
07/06/2018,7245.5,7245.5,7245.5,7245.5
08/06/2018,7262.5,7262.5,7262.5,7262.5
11/06/2018,7223.5,7223.5,7223.5,7223.5
12/06/2018,7200.5,7200.5,7200.5,7200.5
13/06/2018,7201.5,7201.5,7201.5,7201.5
14/06/2018,7197,7197,7197,7197
15/06/2018,7136,7136,7136,7136
18/06/2018,6987,6987,6987,6987
19/06/2018,6820,6820,6820,6820
20/06/2018,6819,6819,6819,6819
21/06/2018,6801,6801,6801,6801
22/06/2018,6811,6811,6811,6811
25/06/2018,6783,6783,6783,6783
26/06/2018,6712,6712,6712,6712
27/06/2018,6688,6688,6688,6688
28/06/2018,6650,6650,6650,6650
29/06/2018,6646,6646,6646,6646
02/07/2018,6595,6595,6595,6595
03/07/2018,6584.5,6584.5,6584.5,6584.5
04/07/2018,6459,6459,6459,6459
05/07/2018,6399.5,6399.5,6399.5,6399.5
06/07/2018,6326,6326,6326,6326
09/07/2018,6383,6383,6383,6383
10/07/2018,6308,6308,6308,6308
11/07/2018,6182,6182,6182,6182
12/07/2018,6173,6173,6173,6173
13/07/2018,6166,6166,6166,6166
16/07/2018,6143,6143,6143,6143
17/07/2018,6141.5,6141.5,6141.5,6141.5
18/07/2018,6068,6068,6068,6068
19/07/2018,5982,5982,5982,5982
20/07/2018,6073,6073,6073,6073
23/07/2018,6153,6153,6153,6153
24/07/2018,6167,6167,6167,6167
25/07/2018,6252,6252,6252,6252
26/07/2018,6255,6255,6255,6255
27/07/2018,6251.5,6251.5,6251.5,6251.5
30/07/2018,6185,6185,6185,6185
31/07/2018,6213,6213,6213,6213
01/08/2018,6137,6137,6137,6137
02/08/2018,6063,6063,6063,6063
03/08/2018,6167,6167,6167,6167
06/08/2018,6040,6040,6040,6040
07/08/2018,6132,6132,6132,6132
08/08/2018,6113,6113,6113,6113
09/08/2018,6247,6247,6247,6247
10/08/2018,6120,6120,6120,6120
13/08/2018,6081,6081,6081,6081
14/08/2018,6059,6059,6059,6059
15/08/2018,5843,5843,5843,5843
16/08/2018,5860,5860,5860,5860
17/08/2018,5844,5844,5844,5844
20/08/2018,5963,5963,5963,5963
21/08/2018,6025.5,6025.5,6025.5,6025.5
22/08/2018,6000,6000,6000,6000
23/08/2018,5910.5,5910.5,5910.5,5910.5
24/08/2018,6001,6001,6001,6001
28/08/2018,6118,6118,6118,6118
29/08/2018,6065,6065,6065,6065
30/08/2018,6066.5,6066.5,6066.5,6066.5
31/08/2018,6019,6019,6019,6019
03/09/2018,5951,5951,5951,5951
04/09/2018,5823,5823,5823,5823
05/09/2018,5850,5850,5850,5850
06/09/2018,5940,5940,5940,5940
07/09/2018,5883,5883,5883,5883
10/09/2018,5840.5,5840.5,5840.5,5840.5
11/09/2018,5849,5849,5849,5849
12/09/2018,5891,5891,5891,5891
13/09/2018,5991,5991,5991,5991
14/09/2018,5946.5,5946.5,5946.5,5946.5
17/09/2018,5860,5860,5860,5860
18/09/2018,6003,6003,6003,6003
19/09/2018,6057,6057,6057,6057
20/09/2018,6057,6057,6057,6057
21/09/2018,6203,6203,6203,6203
24/09/2018,6320,6320,6320,6320
25/09/2018,6276,6276,6276,6276
26/09/2018,6257.5,6257.5,6257.5,6257.5
27/09/2018,6222,6222,6222,6222
28/09/2018,6180,6180,6180,6180
01/10/2018,6172,6172,6172,6172
02/10/2018,6274,6274,6274,6274
03/10/2018,6275,6275,6275,6275
04/10/2018,6310,6310,6310,6310
05/10/2018,6182.5,6182.5,6182.5,6182.5
08/10/2018,6169,6169,6169,6169
09/10/2018,6219,6219,6219,6219
10/10/2018,6294,6294,6294,6294
11/10/2018,6155,6155,6155,6155
12/10/2018,6325,6325,6325,6325
15/10/2018,6296,6296,6296,6296
16/10/2018,6202,6202,6202,6202
17/10/2018,6249,6249,6249,6249
18/10/2018,6147,6147,6147,6147
19/10/2018,6191.5,6191.5,6191.5,6191.5
22/10/2018,6284,6284,6284,6284
23/10/2018,6167.5,6167.5,6167.5,6167.5
24/10/2018,6215,6215,6215,6215
25/10/2018,6210,6210,6210,6210
26/10/2018,6159,6159,6159,6159
29/10/2018,6260,6260,6260,6260
30/10/2018,6136,6136,6136,6136
31/10/2018,6073,6073,6073,6073
01/11/2018,6070,6070,6070,6070
02/11/2018,6255,6255,6255,6255
05/11/2018,6239,6239,6239,6239
06/11/2018,6205,6205,6205,6205
07/11/2018,6210,6210,6210,6210
08/11/2018,6137,6137,6137,6137
09/11/2018,6088,6088,6088,6088
12/11/2018,6083.5,6083.5,6083.5,6083.5
13/11/2018,6130,6130,6130,6130
14/11/2018,6106,6106,6106,6106
15/11/2018,6188,6188,6188,6188
16/11/2018,6181,6181,6181,6181
19/11/2018,6260,6260,6260,6260
20/11/2018,6262,6262,6262,6262
21/11/2018,6242,6242,6242,6242
22/11/2018,6246,6246,6246,6246
23/11/2018,6210,6210,6210,6210
26/11/2018,6246,6246,6246,6246
27/11/2018,6169.5,6169.5,6169.5,6169.5
28/11/2018,6198,6198,6198,6198
29/11/2018,6282,6282,6282,6282
30/11/2018,6238,6238,6238,6238
03/12/2018,6307,6307,6307,6307
04/12/2018,6278,6278,6278,6278
05/12/2018,6162,6162,6162,6162
06/12/2018,6112,6112,6112,6112
07/12/2018,6173,6173,6173,6173
10/12/2018,6112,6112,6112,6112
11/12/2018,6163,6163,6163,6163
12/12/2018,6151,6151,6151,6151
13/12/2018,6196,6196,6196,6196
14/12/2018,6104,6104,6104,6104
17/12/2018,6095.5,6095.5,6095.5,6095.5
18/12/2018,6043,6043,6043,6043
19/12/2018,5987,5987,5987,5987
20/12/2018,6015,6015,6015,6015
21/12/2018,5987,5987,5987,5987
24/12/2018,5931.5,5931.5,5931.5,5931.5
27/12/2018,5990,5990,5990,5990
28/12/2018,6018,6018,6018,6018
31/12/2018,5965,5965,5965,5965
02/01/2019,5839,5839,5839,5839
03/01/2019,5811,5811,5811,5811
04/01/2019,5840,5840,5840,5840
07/01/2019,5889.5,5889.5,5889.5,5889.5
08/01/2019,5904.5,5904.5,5904.5,5904.5
09/01/2019,5964,5964,5964,5964
10/01/2019,5908.5,5908.5,5908.5,5908.5
11/01/2019,5926.5,5926.5,5926.5,5926.5
14/01/2019,5861,5861,5861,5861
15/01/2019,5882,5882,5882,5882
16/01/2019,5911,5911,5911,5911
17/01/2019,5933,5933,5933,5933
18/01/2019,6022,6022,6022,6022
21/01/2019,5951.5,5951.5,5951.5,5951.5
22/01/2019,5926.5,5926.5,5926.5,5926.5
23/01/2019,5920.5,5920.5,5920.5,5920.5
24/01/2019,5885,5885,5885,5885
25/01/2019,5901,5901,5901,5901
28/01/2019,5996,5996,5996,5996
29/01/2019,6007,6007,6007,6007
30/01/2019,6077,6077,6077,6077
31/01/2019,6148,6148,6148,6148
01/02/2019,6097.5,6097.5,6097.5,6097.5
04/02/2019,6076.5,6076.5,6076.5,6076.5
05/02/2019,6174,6174,6174,6174
06/02/2019,6210,6210,6210,6210
07/02/2019,6227,6227,6227,6227
08/02/2019,6207,6207,6207,6207
11/02/2019,6148,6148,6148,6148
12/02/2019,6102,6102,6102,6102
13/02/2019,6120,6120,6120,6120
14/02/2019,6178.5,6178.5,6178.5,6178.5
15/02/2019,6190,6190,6190,6190
18/02/2019,6269.5,6269.5,6269.5,6269.5
19/02/2019,6246.5,6246.5,6246.5,6246.5
20/02/2019,6351.5,6351.5,6351.5,6351.5
21/02/2019,6391,6391,6391,6391
22/02/2019,6489,6489,6489,6489
25/02/2019,6546,6546,6546,6546
26/02/2019,6471,6471,6471,6471
27/02/2019,6533,6533,6533,6533
28/02/2019,6536,6536,6536,6536
01/03/2019,6572,6572,6572,6572
04/03/2019,6420,6420,6420,6420
05/03/2019,6553.5,6553.5,6553.5,6553.5
06/03/2019,6505,6505,6505,6505
07/03/2019,6458,6458,6458,6458
08/03/2019,6398.5,6398.5,6398.5,6398.5
11/03/2019,6435,6435,6435,6435
12/03/2019,6510,6510,6510,6510
13/03/2019,6529,6529,6529,6529
14/03/2019,6409,6409,6409,6409
15/03/2019,6410,6410,6410,6410
18/03/2019,6492,6492,6492,6492
19/03/2019,6500,6500,6500,6500
20/03/2019,6487,6487,6487,6487
21/03/2019,6520,6520,6520,6520
22/03/2019,6375,6375,6375,6375
25/03/2019,6328,6328,6328,6328
26/03/2019,6361,6361,6361,6361
27/03/2019,6338.5,6338.5,6338.5,6338.5
28/03/2019,6385,6385,6385,6385
29/03/2019,6485,6485,6485,6485
01/04/2019,6498,6498,6498,6498
02/04/2019,6431,6431,6431,6431
03/04/2019,6483,6483,6483,6483
04/04/2019,6444,6444,6444,6444
05/04/2019,6419,6419,6419,6419
08/04/2019,6432.5,6432.5,6432.5,6432.5
09/04/2019,6498,6498,6498,6498
10/04/2019,6447,6447,6447,6447
11/04/2019,6432.5,6432.5,6432.5,6432.5
12/04/2019,6490,6490,6490,6490
15/04/2019,6456,6456,6456,6456
16/04/2019,6460,6460,6460,6460
17/04/2019,6509,6509,6509,6509
18/04/2019,6448,6448,6448,6448
23/04/2019,6430,6430,6430,6430
24/04/2019,6437.5,6437.5,6437.5,6437.5
25/04/2019,6375.5,6375.5,6375.5,6375.5
26/04/2019,6393,6393,6393,6393
29/04/2019,6376,6376,6376,6376
30/04/2019,6442,6442,6442,6442
01/05/2019,6398,6398,6398,6398
02/05/2019,6214,6214,6214,6214
03/05/2019,6180,6180,6180,6180
07/05/2019,6174,6174,6174,6174
08/05/2019,6103,6103,6103,6103
09/05/2019,6112,6112,6112,6112
10/05/2019,6135.5,6135.5,6135.5,6135.5
13/05/2019,6042.5,6042.5,6042.5,6042.5
14/05/2019,6007,6007,6007,6007
15/05/2019,6002,6002,6002,6002
16/05/2019,6089,6089,6089,6089
17/05/2019,6025,6025,6025,6025
20/05/2019,5985,5985,5985,5985
21/05/2019,6004,6004,6004,6004
22/05/2019,5920,5920,5920,5920
23/05/2019,5860,5860,5860,5860
24/05/2019,5919,5919,5919,5919
28/05/2019,5956.5,5956.5,5956.5,5956.5
29/05/2019,5864.5,5864.5,5864.5,5864.5
30/05/2019,5823,5823,5823,5823
31/05/2019,5780.5,5780.5,5780.5,5780.5
03/06/2019,5796,5796,5796,5796
04/06/2019,5804,5804,5804,5804
05/06/2019,5832.5,5832.5,5832.5,5832.5
06/06/2019,5805,5805,5805,5805
07/06/2019,5770,5770,5770,5770
10/06/2019,5788,5788,5788,5788
11/06/2019,5905,5905,5905,5905
12/06/2019,5828.5,5828.5,5828.5,5828.5
13/06/2019,5797.5,5797.5,5797.5,5797.5
14/06/2019,5805.5,5805.5,5805.5,5805.5
17/06/2019,5756,5756,5756,5756
18/06/2019,5848.5,5848.5,5848.5,5848.5
19/06/2019,5895,5895,5895,5895
20/06/2019,5962,5962,5962,5962
21/06/2019,5941,5941,5941,5941
24/06/2019,5917,5917,5917,5917
25/06/2019,5985.5,5985.5,5985.5,5985.5
26/06/2019,5985.5,5985.5,5985.5,5985.5
27/06/2019,5953.5,5953.5,5953.5,5953.5
28/06/2019,5972,5972,5972,5972
01/07/2019,5999,5999,5999,5999
02/07/2019,5910,5910,5910,5910
03/07/2019,5874,5874,5874,5874
04/07/2019,5900,5900,5900,5900
05/07/2019,5857,5857,5857,5857
08/07/2019,5912,5912,5912,5912
09/07/2019,5805,5805,5805,5805
10/07/2019,5862.5,5862.5,5862.5,5862.5
11/07/2019,5925,5925,5925,5925
12/07/2019,5950,5950,5950,5950
15/07/2019,5997.5,5997.5,5997.5,5997.5
16/07/2019,5959,5959,5959,5959
17/07/2019,5922,5922,5922,5922
18/07/2019,5948,5948,5948,5948
19/07/2019,6066,6066,6066,6066
22/07/2019,6007.5,6007.5,6007.5,6007.5
23/07/2019,5968.5,5968.5,5968.5,5968.5
24/07/2019,5980,5980,5980,5980
25/07/2019,6010,6010,6010,6010
26/07/2019,5945,5945,5945,5945
29/07/2019,5949.5,5949.5,5949.5,5949.5
30/07/2019,5943,5943,5943,5943
31/07/2019,5926,5926,5926,5926
01/08/2019,5876,5876,5876,5876
02/08/2019,5769,5769,5769,5769
05/08/2019,5647,5647,5647,5647
06/08/2019,5667,5667,5667,5667
07/08/2019,5673.5,5673.5,5673.5,5673.5
08/08/2019,5723,5723,5723,5723
09/08/2019,5744,5744,5744,5744
12/08/2019,5724.5,5724.5,5724.5,5724.5
13/08/2019,5697,5697,5697,5697
14/08/2019,5732,5732,5732,5732
15/08/2019,5696.5,5696.5,5696.5,5696.5
16/08/2019,5710,5710,5710,5710
19/08/2019,5755.5,5755.5,5755.5,5755.5
20/08/2019,5698,5698,5698,5698
21/08/2019,5696.5,5696.5,5696.5,5696.5
22/08/2019,5668,5668,5668,5668
23/08/2019,5675,5675,5675,5675
27/08/2019,5662,5662,5662,5662
28/08/2019,5653,5653,5653,5653
29/08/2019,5722,5722,5722,5722
30/08/2019,5678,5678,5678,5678
02/09/2019,5610.5,5610.5,5610.5,5610.5
03/09/2019,5537,5537,5537,5537
04/09/2019,5663,5663,5663,5663
05/09/2019,5777,5777,5777,5777
06/09/2019,5787.5,5787.5,5787.5,5787.5
09/09/2019,5771,5771,5771,5771
10/09/2019,5738,5738,5738,5738
11/09/2019,5765,5765,5765,5765
12/09/2019,5842.5,5842.5,5842.5,5842.5
13/09/2019,5870,5870,5870,5870
16/09/2019,5877,5877,5877,5877
17/09/2019,5762,5762,5762,5762
18/09/2019,5745,5745,5745,5745
19/09/2019,5758.5,5758.5,5758.5,5758.5
20/09/2019,5777.5,5777.5,5777.5,5777.5
23/09/2019,5695,5695,5695,5695
24/09/2019,5761,5761,5761,5761
25/09/2019,5718.5,5718.5,5718.5,5718.5
26/09/2019,5757,5757,5757,5757
27/09/2019,5714,5714,5714,5714
30/09/2019,5728,5728,5728,5728
01/10/2019,5610,5610,5610,5610
02/10/2019,5629,5629,5629,5629
03/10/2019,5626,5626,5626,5626
04/10/2019,5599,5599,5599,5599
07/10/2019,5626,5626,5626,5626
08/10/2019,5650.5,5650.5,5650.5,5650.5
09/10/2019,5660,5660,5660,5660
10/10/2019,5698.5,5698.5,5698.5,5698.5
11/10/2019,5763,5763,5763,5763
14/10/2019,5718.5,5718.5,5718.5,5718.5
15/10/2019,5745,5745,5745,5745
16/10/2019,5684,5684,5684,5684
17/10/2019,5726.5,5726.5,5726.5,5726.5
18/10/2019,5751,5751,5751,5751
21/10/2019,5820,5820,5820,5820
22/10/2019,5794,5794,5794,5794
23/10/2019,5773,5773,5773,5773
24/10/2019,5869,5869,5869,5869
25/10/2019,5867.5,5867.5,5867.5,5867.5
28/10/2019,5888.5,5888.5,5888.5,5888.5
29/10/2019,5879.5,5879.5,5879.5,5879.5
30/10/2019,5883,5883,5883,5883
31/10/2019,5825,5825,5825,5825
01/11/2019,5797,5797,5797,5797
04/11/2019,5846.5,5846.5,5846.5,5846.5
05/11/2019,5880,5880,5880,5880
06/11/2019,5913.5,5913.5,5913.5,5913.5
07/11/2019,5941,5941,5941,5941
08/11/2019,5951.5,5951.5,5951.5,5951.5
11/11/2019,5857,5857,5857,5857
12/11/2019,5838,5838,5838,5838
13/11/2019,5823,5823,5823,5823
14/11/2019,5835,5835,5835,5835
15/11/2019,5812,5812,5812,5812
18/11/2019,5828,5828,5828,5828
19/11/2019,5821.5,5821.5,5821.5,5821.5
20/11/2019,5873,5873,5873,5873
21/11/2019,5813,5813,5813,5813
22/11/2019,5834,5834,5834,5834
25/11/2019,5872.5,5872.5,5872.5,5872.5
26/11/2019,5856,5856,5856,5856
27/11/2019,5925.5,5925.5,5925.5,5925.5
28/11/2019,5881.5,5881.5,5881.5,5881.5
29/11/2019,5854,5854,5854,5854
02/12/2019,5855.5,5855.5,5855.5,5855.5
04/12/2019,5823,5823,5823,5823
05/12/2019,5855,5855,5855,5855
06/12/2019,5867.5,5867.5,5867.5,5867.5
09/12/2019,5985,5985,5985,5985
10/12/2019,6055,6055,6055,6055
11/12/2019,6083,6083,6083,6083
12/12/2019,6097,6097,6097,6097
13/12/2019,6154,6154,6154,6154
16/12/2019,6155.5,6155.5,6155.5,6155.5
17/12/2019,6175,6175,6175,6175
18/12/2019,6126.5,6126.5,6126.5,6126.5
19/12/2019,6161,6161,6161,6161
20/12/2019,6155.5,6155.5,6155.5,6155.5
23/12/2019,6153,6153,6153,6153
24/12/2019,6184.5,6184.5,6184.5,6184.5
27/12/2019,6211,6211,6211,6211
30/12/2019,6183.5,6183.5,6183.5,6183.5
31/12/2019,6156,6156,6156,6156
02/01/2020,6165.5,6165.5,6165.5,6165.5
03/01/2020,6077,6077,6077,6077
06/01/2020,6097.5,6097.5,6097.5,6097.5
07/01/2020,6134.5,6134.5,6134.5,6134.5
08/01/2020,6154,6154,6154,6154
09/01/2020,6156,6156,6156,6156
10/01/2020,6157,6157,6157,6157
13/01/2020,6177,6177,6177,6177
14/01/2020,6247,6247,6247,6247
15/01/2020,6232,6232,6232,6232
16/01/2020,6300.5,6300.5,6300.5,6300.5
17/01/2020,6276.5,6276.5,6276.5,6276.5
20/01/2020,6245,6245,6245,6245
21/01/2020,6158.5,6158.5,6158.5,6158.5
22/01/2020,6103.5,6103.5,6103.5,6103.5
23/01/2020,6050,6050,6050,6050
24/01/2020,5968,5968,5968,5968
27/01/2020,5779,5779,5779,5779
28/01/2020,5715,5715,5715,5715
29/01/2020,5698,5698,5698,5698
30/01/2020,5621,5621,5621,5621
31/01/2020,5570,5570,5570,5570
03/02/2020,5595,5595,5595,5595
04/02/2020,5652,5652,5652,5652
05/02/2020,5714,5714,5714,5714
06/02/2020,5726,5726,5726,5726
07/02/2020,5653,5653,5653,5653
10/02/2020,5659.5,5659.5,5659.5,5659.5
11/02/2020,5696,5696,5696,5696
12/02/2020,5747,5747,5747,5747
13/02/2020,5716,5716,5716,5716
14/02/2020,5737,5737,5737,5737
17/02/2020,5802,5802,5802,5802
18/02/2020,5728,5728,5728,5728
19/02/2020,5745.5,5745.5,5745.5,5745.5
20/02/2020,5730,5730,5730,5730
21/02/2020,5702,5702,5702,5702
24/02/2020,5657.5,5657.5,5657.5,5657.5
25/02/2020,5663.5,5663.5,5663.5,5663.5
26/02/2020,5614,5614,5614,5614
27/02/2020,5618,5618,5618,5618
28/02/2020,5573,5573,5573,5573
02/03/2020,5640,5640,5640,5640
03/03/2020,5668,5668,5668,5668
04/03/2020,5694.5,5694.5,5694.5,5694.5
05/03/2020,5667.5,5667.5,5667.5,5667.5
06/03/2020,5624,5624,5624,5624
09/03/2020,5483,5483,5483,5483
10/03/2020,5598,5598,5598,5598
11/03/2020,5552,5552,5552,5552
12/03/2020,5386.5,5386.5,5386.5,5386.5
13/03/2020,5530.5,5530.5,5530.5,5530.5
16/03/2020,5211,5211,5211,5211
17/03/2020,5205,5205,5205,5205
18/03/2020,4860.5,4860.5,4860.5,4860.5
19/03/2020,4685,4685,4685,4685
20/03/2020,4855,4855,4855,4855
23/03/2020,4617.5,4617.5,4617.5,4617.5
24/03/2020,4789.5,4789.5,4789.5,4789.5
25/03/2020,4754,4754,4754,4754
26/03/2020,4775.5,4775.5,4775.5,4775.5
27/03/2020,4774,4774,4774,4774
30/03/2020,4763,4763,4763,4763
31/03/2020,4797,4797,4797,4797
01/04/2020,4772,4772,4772,4772
02/04/2020,4821.5,4821.5,4821.5,4821.5
03/04/2020,4863.5,4863.5,4863.5,4863.5
06/04/2020,4867,4867,4867,4867
07/04/2020,5067.5,5067.5,5067.5,5067.5
08/04/2020,4976,4976,4976,4976
09/04/2020,4963.5,4963.5,4963.5,4963.5
14/04/2020,5119,5119,5119,5119
15/04/2020,5054.5,5054.5,5054.5,5054.5
16/04/2020,5098.5,5098.5,5098.5,5098.5
17/04/2020,5175.5,5175.5,5175.5,5175.5
20/04/2020,5169.5,5169.5,5169.5,5169.5
21/04/2020,4994.5,4994.5,4994.5,4994.5
22/04/2020,5034,5034,5034,5034
23/04/2020,5120.5,5120.5,5120.5,5120.5
24/04/2020,5118,5118,5118,5118
27/04/2020,5165.5,5165.5,5165.5,5165.5
28/04/2020,5169.5,5169.5,5169.5,5169.5
29/04/2020,5184,5184,5184,5184
30/04/2020,5231,5231,5231,5231
01/05/2020,5061,5061,5061,5061
04/05/2020,5058,5058,5058,5058
05/05/2020,5111.5,5111.5,5111.5,5111.5
06/05/2020,5199.5,5199.5,5199.5,5199.5
07/05/2020,5227.5,5227.5,5227.5,5227.5
08/05/2020,5227.5,5227.5,5227.5,5227.5
11/05/2020,5231,5231,5231,5231
12/05/2020,5234,5234,5234,5234
13/05/2020,5212.5,5212.5,5212.5,5212.5
14/05/2020,5155.5,5155.5,5155.5,5155.5
15/05/2020,5165,5165,5165,5165
18/05/2020,5249.5,5249.5,5249.5,5249.5
19/05/2020,5314,5314,5314,5314
20/05/2020,5333,5333,5333,5333
21/05/2020,5387,5387,5387,5387
22/05/2020,5242.5,5242.5,5242.5,5242.5
26/05/2020,5341.5,5341.5,5341.5,5341.5
27/05/2020,5308.5,5308.5,5308.5,5308.5
28/05/2020,5278.5,5278.5,5278.5,5278.5
29/05/2020,5332.5,5332.5,5332.5,5332.5
01/06/2020,5376.5,5376.5,5376.5,5376.5
02/06/2020,5463,5463,5463,5463
03/06/2020,5499,5499,5499,5499
04/06/2020,5452.5,5452.5,5452.5,5452.5
05/06/2020,5588,5588,5588,5588
08/06/2020,5659,5659,5659,5659
09/06/2020,5680.5,5680.5,5680.5,5680.5
10/06/2020,5801,5801,5801,5801
11/06/2020,5801.5,5801.5,5801.5,5801.5
12/06/2020,5785.5,5785.5,5785.5,5785.5
15/06/2020,5646,5646,5646,5646
16/06/2020,5759.5,5759.5,5759.5,5759.5
17/06/2020,5734,5734,5734,5734
18/06/2020,5799,5799,5799,5799
19/06/2020,5835.5,5835.5,5835.5,5835.5
22/06/2020,5825,5825,5825,5825
23/06/2020,5895,5895,5895,5895
24/06/2020,5871,5871,5871,5871
25/06/2020,5880.5,5880.5,5880.5,5880.5
26/06/2020,5985.5,5985.5,5985.5,5985.5
29/06/2020,5957,5957,5957,5957
30/06/2020,6038,6038,6038,6038
01/07/2020,6016.5,6016.5,6016.5,6016.5
02/07/2020,6080,6080,6080,6080
03/07/2020,6022.5,6022.5,6022.5,6022.5
06/07/2020,6112,6112,6112,6112
07/07/2020,6086,6086,6086,6086
08/07/2020,6194,6194,6194,6194
09/07/2020,6339.5,6339.5,6339.5,6339.5
10/07/2020,6322.5,6322.5,6322.5,6322.5
13/07/2020,6545,6545,6545,6545
