Data,Otwarcie,Najwyzszy,Najnizszy,Zamkniecie,Wolumen
02/01/2015,102.45,102.83,101.97,102.4,309987
05/01/2015,102.16,102.88,99.91,100.09,479228
07/01/2015,100.53,105.45,99.67,104.89,966372
08/01/2015,105.35,107.15,105.35,107.11,711805
09/01/2015,107.15,107.15,103.87,104.33,563221
12/01/2015,104.75,106.22,101.79,102.45,659750
13/01/2015,101.97,104.84,101.18,101.97,1442894
14/01/2015,97.745,97.745,93.707,94.881,3939615
15/01/2015,96.009,98.269,93.198,96.102,3171842
16/01/2015,96.102,97.327,94.74,96.997,690058
19/01/2015,97.56,98.589,96.716,97.56,708310
20/01/2015,97.609,99.53,97.046,98.075,705867
21/01/2015,98.502,101.03,97.793,101.03,1017623
22/01/2015,101.03,104.66,100.53,103.39,1521293
23/01/2015,103.43,104.75,100.62,101.75,819443
26/01/2015,98.682,100.7,97.89,99.446,1220204
27/01/2015,99.347,100.33,95.398,96.572,1283640
28/01/2015,97.046,97.939,95.398,96.852,699281
29/01/2015,96.803,99.148,96.102,98.782,755603
30/01/2015,98.356,100.01,98.221,99.019,976557
02/02/2015,99.72,101.22,99.62,100.7,612089
03/02/2015,101.32,105.22,101.32,105.22,1223201
04/02/2015,105.08,106.12,104.18,105.17,953111
05/02/2015,104.33,104.71,101.88,103.77,665522
06/02/2015,104.14,105.55,103.82,105.27,904276
09/02/2015,104.33,106.12,104.09,106.12,639839
10/02/2015,106.02,106.96,104.89,105.35,861362
11/02/2015,105.55,107.11,105.55,107.11,654718
12/02/2015,107.15,107.34,106.12,106.58,865169
13/02/2015,106.68,107.99,106.34,106.91,1093063
16/02/2015,107.62,110.39,107.29,110.25,1309212
17/02/2015,110.05,110.05,107.8,108.56,1197448
18/02/2015,109.5,110.63,109.21,109.92,1156748
19/02/2015,109.97,111.38,108.69,111.38,2372646
20/02/2015,110.91,111.28,110.25,110.72,553257
23/02/2015,110.91,111.61,109.97,110.58,537295
24/02/2015,110.1,113.06,109.07,113.06,1020091
25/02/2015,112.79,113.59,111.47,112.08,621217
26/02/2015,112.32,115.89,112.32,115.32,1297856
27/02/2015,115.09,115.32,113.73,113.73,1059442
02/03/2015,113.73,115.23,113.49,114.24,696424
03/03/2015,113.34,113.39,110.91,111.28,877815
04/03/2015,111.14,111.81,110.15,110.35,697695
05/03/2015,110.39,113.16,110.02,112.79,762326
06/03/2015,112.65,112.93,110.3,111.85,1010651
09/03/2015,110.91,112.22,110.05,110.05,911774
10/03/2015,110.25,110.63,107.66,108.09,1064105
11/03/2015,108.09,109.82,107.29,107.34,753385
12/03/2015,107.99,109.82,107.99,109.59,1225636
13/03/2015,109.68,110.05,106.72,107.15,840219
16/03/2015,108.09,108.51,106.96,107.8,451524
17/03/2015,107.52,108.04,106.49,107.62,602277
18/03/2015,107.62,108.04,107.11,107.99,464164
19/03/2015,108.56,110.25,108.56,110.25,856778
20/03/2015,110.44,113.01,110.25,113.01,1833491
23/03/2015,113.16,114.47,112.45,114.47,505356
24/03/2015,113.54,114.47,112.74,114.38,471172
25/03/2015,114.01,114.06,112.37,112.84,418653
26/03/2015,113.16,114.8,110.49,111.23,715342
27/03/2015,111.38,113.26,110.67,112.79,521389
30/03/2015,113.16,114.57,113.16,114.57,426420
31/03/2015,114.47,114.67,111.93,112.79,588618
01/04/2015,112.32,113.06,111.61,111.98,496721
02/04/2015,112.12,112.79,112.03,112.27,203348
07/04/2015,113.34,113.34,111.89,112.03,652938
08/04/2015,112.6,114.11,111.85,111.93,618441
09/04/2015,111.98,112.41,110.49,111.09,556692
10/04/2015,111.81,112.45,110.53,112.12,569107
13/04/2015,112.12,112.27,110.63,111.56,461462
14/04/2015,110.86,110.86,109.21,110.25,575210
15/04/2015,110.25,112.03,109.73,110.99,634824
16/04/2015,111.38,113.3,111.38,113.3,1110180
17/04/2015,113.21,113.21,111.52,111.52,682580
20/04/2015,111.93,112.37,111.09,111.71,677894
21/04/2015,112.03,112.41,109.5,109.97,678817
22/04/2015,110.63,111.28,110.25,110.25,758938
23/04/2015,111.09,111.81,110.35,110.44,484688
24/04/2015,111.81,112.7,110.76,112.32,1422736
27/04/2015,112.32,116.08,112.22,115.79,1612601
28/04/2015,115.61,118.05,115.14,117.96,1325010
29/04/2015,117.49,118.24,115.61,117.67,686246
30/04/2015,117.07,118.85,116.78,118.85,1196780
04/05/2015,119.08,122.56,119.08,122.18,1159107
05/05/2015,121.53,122.66,120.49,122.66,1119781
06/05/2015,122.18,123.45,120.95,121.38,848091
07/05/2015,120.95,120.95,119.65,120.11,633916
08/05/2015,120.54,122.37,120.36,122.09,716192
11/05/2015,120.31,120.88,119.47,119.47,433162
12/05/2015,119.37,120.07,117.2,119.83,1254304
13/05/2015,120.07,123.13,120.07,123.13,725135
14/05/2015,122.89,123.03,119.93,119.93,693286
15/05/2015,120.36,121.57,119.6,121.2,527778
18/05/2015,121.25,121.48,119.37,119.37,863296
19/05/2015,119.78,119.83,118.61,118.99,530820
20/05/2015,119.32,119.32,117.76,118.24,696341
21/05/2015,118.7,119.7,118.43,119.55,693204
22/05/2015,119.37,119.7,118.24,118.8,405797
25/05/2015,118.85,119.37,117.25,117.86,449102
26/05/2015,119.37,119.37,117.48,117.48,659495
27/05/2015,117.96,118.06,114.17,117.52,724882
28/05/2015,117.91,117.91,113.83,113.83,866219
29/05/2015,114.9,115.43,111.85,111.85,1401065
01/06/2015,112.03,115.28,112.03,115,830755
02/06/2015,115.05,115.1,111.65,112.13,793476
03/06/2015,112.33,114.27,111.89,113.01,487561
05/06/2015,112.42,112.42,109.47,109.85,742291
08/06/2015,109.85,110.14,106.4,106.84,777062
09/06/2015,107.52,108.63,105.77,107.28,1006397
10/06/2015,107.52,113.54,107.52,112.62,1361486
11/06/2015,112.52,113.01,110.77,110.77,1159083
12/06/2015,110.87,111.55,108.88,109.7,967908
15/06/2015,109.22,110.82,108.83,110.58,583050
16/06/2015,110.82,111.45,110.09,110.39,946405
17/06/2015,110.68,111.06,108.73,108.73,804938
18/06/2015,109.52,110.09,108.11,109.12,664525
19/06/2015,109.03,109.32,106.99,107.04,1049257
22/06/2015,107.28,108.68,106.35,107.09,611717
23/06/2015,108.35,109.12,106.79,108.63,1215948
24/06/2015,109.12,109.32,107.04,107.76,771667
25/06/2015,107.28,108.11,106.79,107.76,1059330
26/06/2015,107.96,107.96,106.99,107.62,226629
29/06/2015,104.85,106.12,103.39,104.32,605107
30/06/2015,104.32,105.1,102.03,103.44,742876
01/07/2015,103.88,104.32,101.94,101.94,930685
02/07/2015,102.28,103.69,102.03,102.52,720745
03/07/2015,102.91,103.2,101.5,102.72,512476
06/07/2015,100.77,101.16,99.029,100.77,396041
07/07/2015,100.92,101.11,96.114,96.153,1152585
08/07/2015,95.143,96.979,93.804,96.6,1572392
09/07/2015,98.347,99.8,97.57,99.6,846024
10/07/2015,100.77,101.75,100.49,100.49,825088
13/07/2015,101.46,101.65,99.317,99.52,618468
14/07/2015,99.75,99.8,97.085,98.056,669729
15/07/2015,98.732,99.56,97.959,99.128,553556
16/07/2015,100.14,101.46,99.9,101.46,505490
17/07/2015,101.7,101.89,98.732,98.93,598895
20/07/2015,99.128,99.218,96.406,96.406,597103
21/07/2015,96.939,97.619,94.978,96.114,523520
22/07/2015,95.503,95.503,87.667,87.667,2063620
23/07/2015,88.347,89.93,86.406,86.406,1518401
24/07/2015,85.435,89.221,82.056,88.056,2220463
27/07/2015,87.376,98.347,85.823,95.143,3513385
28/07/2015,95.056,98.056,93.201,94.27,1987806
29/07/2015,95.406,95.609,90.609,90.639,1082994
30/07/2015,91.697,92.609,89.803,91.259,1005856
31/07/2015,91.259,92.658,90.309,92.231,1247162
03/08/2015,91.259,92.134,91.066,91.687,499746
04/08/2015,91.259,91.735,88.988,90.502,610940
05/08/2015,90.58,92.716,89.57,92.716,764532
06/08/2015,92.231,92.231,87.066,87.667,857152
07/08/2015,88.037,90.289,87.376,89.852,511174
10/08/2015,90.678,92.231,89.512,91.988,659361
11/08/2015,91.648,93.978,90.289,91.551,766932
12/08/2015,90.435,90.435,87.91,89.775,1129899
13/08/2015,90.25,90.678,88.463,88.736,670331
14/08/2015,92.221,92.221,88.202,88.736,601623
17/08/2015,88.833,88.92,87.473,87.561,425483
18/08/2015,87.386,87.561,83.338,84.075,1043773
19/08/2015,84.454,84.454,81.095,81.552,1368278
20/08/2015,81.842,83.056,80.58,82.814,1345261
21/08/2015,81.473,82.028,80.552,81.358,1126299
24/08/2015,77.668,77.668,67.183,70.979,2441024
25/08/2015,69.901,75.727,69.61,72.465,1624136
26/08/2015,72.813,73.202,69.231,69.231,1334235
27/08/2015,71.192,75.727,71.192,75.697,1965532
28/08/2015,77.183,77.523,74.969,77.183,1303098
31/08/2015,77.183,77.231,74.172,76.241,801561
01/09/2015,75.182,75.182,72.716,73.716,599307
02/09/2015,74.697,76.561,73.445,74.085,1165144
03/09/2015,75.241,78.92,75.241,78.153,1241872
04/09/2015,77.571,77.571,74.367,74.367,840067
07/09/2015,75.717,76.901,74.901,75.727,797815
08/09/2015,75.969,78.833,75.891,78.104,1179162
09/09/2015,80.483,81.959,79.513,80.969,1370450
10/09/2015,80.862,82.998,79.843,82.998,1299179
11/09/2015,83.008,83.251,81.804,82.406,601477
14/09/2015,81.066,84.367,79.804,81.988,861831
15/09/2015,81.794,83.154,81.066,83.154,838923
16/09/2015,83.832,85.241,83.638,85.231,1041613
17/09/2015,85.435,87.852,85.241,87.376,1108953
18/09/2015,87.716,87.716,83.066,84.221,1434768
21/09/2015,84.318,84.804,82.619,83.154,634277
22/09/2015,83.299,83.299,78.668,78.833,1816208
23/09/2015,77.668,79.989,76.717,77.668,1094573
24/09/2015,78.104,79.61,77.474,78.998,891140
25/09/2015,79.61,79.959,78.551,78.784,573344
28/09/2015,78.736,78.736,74.085,74.172,901946
29/09/2015,72.716,76.057,70.29,75.727,1397096
30/09/2015,77.134,79.6,76.736,79.561,1072238
01/10/2015,80.969,82.182,78.027,78.95,957479
02/10/2015,78.989,79.493,75.843,76.474,1028989
05/10/2015,78.163,81.745,77.911,81.338,1179377
06/10/2015,80.872,86.503,79.513,84.658,1706744
07/10/2015,87.134,89.706,86.357,88.056,2909663
08/10/2015,86.891,89.415,85.998,88.347,1650333
09/10/2015,90.289,92.755,90.289,92.716,1931946
12/10/2015,93.241,94.173,90.115,90.454,1186698
13/10/2015,89.92,91.609,88.842,91.599,611138
14/10/2015,91.259,91.697,89.124,90.92,810288
15/10/2015,91.697,92.707,91.648,92.522,587190
16/10/2015,92.231,93.104,90.775,91.211,892554
19/10/2015,89.512,92.037,87.959,88.542,792275
20/10/2015,87.881,90.143,86.047,89.512,724770
21/10/2015,90.289,90.939,88.542,88.91,671186
22/10/2015,89.882,92.93,89.366,92.911,885501
23/10/2015,93.017,97.085,93.017,95.337,1949163
26/10/2015,97.076,97.085,93.007,93.25,858500
27/10/2015,93.978,94.173,91.357,91.357,1032601
28/10/2015,90.299,92.707,89.124,91.474,674911
29/10/2015,91.251,91.251,87.183,88.076,1088823
30/10/2015,88.347,88.833,86.406,87.24,1197318
02/11/2015,87.619,90.017,87.28,90.017,773005
03/11/2015,90.289,90.58,89.192,89.609,570695
04/11/2015,90.289,93.163,90.289,91.056,1092786
05/11/2015,90.338,90.599,88.076,88.076,715462
06/11/2015,88.416,88.726,86.134,86.891,1134143
09/11/2015,86.901,88.124,86.531,86.531,491512
10/11/2015,86.6,86.813,83.105,84.124,804311
12/11/2015,83.494,84.056,78.853,78.853,950523
13/11/2015,74.852,77.668,74.775,75.057,1398542
16/11/2015,75.047,75.494,70.969,70.969,1716338
17/11/2015,70.969,76.697,70.969,75.862,1359469
18/11/2015,76.503,76.503,71.6,75.522,1224420
19/11/2015,76.211,76.387,73.707,73.979,851823
20/11/2015,75.008,75.61,74.076,75.115,982968
23/11/2015,71.843,72.804,69.61,71.989,1392984
24/11/2015,72.143,73.542,69.901,71.299,1503074
25/11/2015,72.474,74.561,70.387,70.775,1403291
26/11/2015,72.328,73.289,71.571,72.678,788839
27/11/2015,72.649,72.649,70.707,71.445,845130
30/11/2015,70.872,71.532,69.833,70.193,1503535
01/12/2015,71.357,72.018,70.959,71.299,599926
02/12/2015,71.552,71.687,66.018,66.164,2109542
03/12/2015,66.261,67.085,65.241,66.212,1018439
04/12/2015,66.212,66.494,61.163,64.562,1817264
07/12/2015,65.047,65.872,60.436,61.106,957302
08/12/2015,60.445,61.649,57.086,57.377,1978378
09/12/2015,57.494,59.455,55.193,57.63,2033914
10/12/2015,58.251,59.416,57.668,58.251,767078
11/12/2015,61.047,61.552,57.862,59.134,1229818
14/12/2015,60.076,60.076,58.231,58.649,998813
15/12/2015,58.727,59.125,58.095,58.542,1086489
16/12/2015,58.785,60.193,58.755,59.221,824253
17/12/2015,59.707,59.998,57.28,57.348,1708898
18/12/2015,57.765,59.028,57.425,58.62,1901505
21/12/2015,58.542,60.29,58.348,59.727,916146
22/12/2015,60.426,61.309,59.921,60.338,863242
23/12/2015,61.144,61.746,60.678,60.97,687863
28/12/2015,60.697,61.26,60.193,60.678,689073
29/12/2015,61.309,63.659,61.28,63.105,960965
30/12/2015,63.562,63.562,61.639,61.639,519824
04/01/2016,58.251,58.785,57.571,57.775,813715
05/01/2016,58.591,59.318,58.057,58.455,722083
07/01/2016,56.115,56.698,54.377,54.707,1431252
08/01/2016,55.629,55.902,52.64,53.009,987418
11/01/2016,50.921,52.523,50.008,51.455,1072812
12/01/2016,51.464,53.63,50.97,52.93,887317
13/01/2016,53.882,54.843,53.203,54.27,827112
14/01/2016,54.27,54.503,53.203,54.465,1322949
15/01/2016,53.688,53.814,51.358,51.358,1023703
18/01/2016,49.998,52.232,49.514,51.649,1118446
19/01/2016,53.3,53.582,52.474,52.63,933333
20/01/2016,51.697,52.037,50.358,50.766,1076785
21/01/2016,50.873,52.232,50.435,51.416,1000244
22/01/2016,52.329,53.96,52.203,53.59,1079656
25/01/2016,54.154,54.27,53.26,53.63,780635
26/01/2016,53.057,54.649,52.921,54.465,1376666
27/01/2016,55.135,55.911,54.863,55.387,1374636
28/01/2016,55.766,55.941,54.173,54.368,1261303
29/01/2016,55.115,56.396,54.853,55.824,1876318
01/02/2016,55.339,55.435,54.173,54.62,687098
02/02/2016,55.339,56.562,54.465,54.523,1527620
03/02/2016,54.95,55.639,54.542,55.339,942604
04/02/2016,56.795,58.445,56.601,58.445,1886899
05/02/2016,58.251,61.727,58.105,59.824,2390382
08/02/2016,59.95,60.96,58.988,60.183,754776
09/02/2016,59.221,60.484,56.396,57.183,1617175
10/02/2016,57.192,58.008,56.406,56.872,762553
11/02/2016,56.406,56.504,54.61,55.435,1335678
12/02/2016,55.726,57.261,55.591,56.581,838165
15/02/2016,58.542,59.095,57.795,58.542,936643
16/02/2016,59.221,60.086,58.804,59.067,1019970
17/02/2016,59.426,63.493,59.144,63.008,1824948
18/02/2016,63.59,66.882,63.503,64.183,2938145
19/02/2016,64.465,65.601,63.756,64.465,1513517
22/02/2016,66.504,67.474,66.095,66.988,1451395
23/02/2016,66.872,67.794,65.658,66.62,1078054
24/02/2016,66.028,66.222,62.785,63.396,1556864
25/02/2016,63.299,65.241,62.804,63.406,1268749
26/02/2016,64.756,66.862,64.474,66.212,2192906
29/02/2016,65.532,66.192,64.989,65.959,1035566
01/03/2016,66.144,66.504,64.183,65.707,934134
02/03/2016,67.328,67.746,65.824,66.474,1400174
03/03/2016,65.086,71.445,64.562,71.357,3076466
04/03/2016,72.813,74.076,72.406,73.949,2322515
07/03/2016,73.785,75.231,72.6,74.522,1593634
08/03/2016,74.076,74.658,70.775,70.872,1608467
09/03/2016,70.872,72.222,69.736,71.6,1393532
10/03/2016,71.163,72.328,69.707,69.766,1089314
11/03/2016,70.862,71.765,70.396,70.396,976429
14/03/2016,71.27,72.28,70.93,71.309,1169084
15/03/2016,70.823,71.979,69.95,70.989,1198754
16/03/2016,71.309,71.785,68.193,69.93,1175307
17/03/2016,72.037,73.785,71.562,73.542,1920369
18/03/2016,72.813,74.503,71.707,73.901,1795845
21/03/2016,73.299,74.619,72.833,73.921,638032
22/03/2016,73.688,74.755,71.843,74.755,1120476
23/03/2016,74.755,76.988,73.212,73.785,2650844
24/03/2016,73.581,73.581,71.232,72.28,1394278
29/03/2016,74.125,74.969,72.425,72.813,1430737
30/03/2016,73.328,74.328,72.813,73.979,1017717
31/03/2016,73.785,73.882,72.562,73.882,1190385
01/04/2016,73.591,73.736,71.435,72.804,976325
04/04/2016,72.61,72.61,70.542,71.105,1162200
05/04/2016,70.775,70.775,68.115,68.115,1404239
06/04/2016,68.057,69.377,67.474,67.717,1190549
07/04/2016,68.736,68.92,65.824,65.824,1437949
08/04/2016,66.018,67.067,64.688,64.949,1474189
11/04/2016,65.289,67.261,64.959,66.649,939155
12/04/2016,67.435,68.28,66.552,67.591,1012067
13/04/2016,69.416,71.26,69.037,71.115,1513639
14/04/2016,70.872,71.338,69.707,70.669,939064
15/04/2016,69.989,70.445,68.561,68.93,788381
18/04/2016,67.737,69.144,67.183,68.833,717259
19/04/2016,69.95,72.474,69.533,72.474,1467806
20/04/2016,72.037,74.261,71.435,73.931,1518614
21/04/2016,74.755,75.843,72.474,73.299,1488590
22/04/2016,72.998,73.814,71.998,73.299,930844
25/04/2016,73.056,73.115,71.329,71.795,890045
26/04/2016,71.017,72.232,70.92,71.61,708806
27/04/2016,71.066,72.619,70.532,70.532,682266
28/04/2016,70.513,70.969,68.328,70.173,885144
29/04/2016,70.629,72.241,69.26,72.192,1675083
02/05/2016,72.105,72.338,71.105,71.163,525248
04/05/2016,68.367,69.561,67.484,68.377,1594410
05/05/2016,68.377,68.377,65.698,65.727,1455452
06/05/2016,65.824,67.28,64.814,66.504,1205509
09/05/2016,65.561,66.076,64.581,64.998,810468
10/05/2016,65.338,65.338,62.697,63.105,1375822
11/05/2016,63.756,64.28,63.242,63.309,728033
12/05/2016,64.066,64.076,62.017,62.017,842843
13/05/2016,61.357,62.017,60.882,61.173,1033589
16/05/2016,62.62,64.708,62.25,64.27,1546856
17/05/2016,65.484,66.494,63.125,63.26,2241937
18/05/2016,62.969,62.969,60.484,61.649,1280566
19/05/2016,61.163,61.163,59.678,60.193,961000
20/05/2016,60.97,61.989,60.348,60.348,782935
23/05/2016,60.397,61.3,59.697,60.853,408038
24/05/2016,60.581,61.823,60.387,61.416,935523
25/05/2016,62.125,63.542,61.697,62.717,1361839
27/05/2016,63.688,63.785,60.814,60.814,846117
30/05/2016,61.163,61.26,58.843,59.853,661770
31/05/2016,60.436,60.543,58.552,58.552,1456266
01/06/2016,58.115,58.144,55.979,55.979,1119308
02/06/2016,56.309,56.668,55.358,55.62,1139960
03/06/2016,56.522,59.028,56.406,58.144,1512797
06/06/2016,59.338,60.387,58.658,59.416,738321
07/06/2016,58.931,60.096,58.095,58.931,850213
08/06/2016,59.028,60.406,58.095,60.406,976781
09/06/2016,61.163,61.6,58.62,58.901,1186100
10/06/2016,58.901,59.125,57.484,58.105,607845
13/06/2016,58.202,58.319,57.038,58.057,696403
14/06/2016,57.765,58.212,56.698,57.862,729789
15/06/2016,58.348,59.27,58.047,58.785,1312974
16/06/2016,58.154,58.407,57.076,57.474,1288738
17/06/2016,57.96,58.931,57.775,58.931,1562464
20/06/2016,59.435,60.513,59.435,60.484,822728
21/06/2016,60.426,60.824,59.561,60.193,677498
22/06/2016,61.018,61.736,60.873,61.018,1169483
23/06/2016,61.008,63.27,60.581,62.726,1257329
24/06/2016,55.339,60.096,54.145,59.989,1864152
27/06/2016,60.241,61.076,59.164,59.221,611292
28/06/2016,60.678,62.319,60.193,62.076,1496570
29/06/2016,62.426,64.076,62.047,64.076,879888
30/06/2016,64.076,64.27,62.387,64.076,899432
01/07/2016,64.562,66.377,64.338,66.115,1040270
04/07/2016,65.338,68.387,65.241,66.552,1520146
05/07/2016,66.552,67.474,65.056,65.056,996139
06/07/2016,64.901,65.804,63.785,64.513,2046539
07/07/2016,64.465,66.785,64.416,65.892,1426702
08/07/2016,66.018,66.601,65.707,66.028,1047349
11/07/2016,67.328,69.416,67.28,69.416,1596928
12/07/2016,69.901,70.872,67.833,68.202,1595937
13/07/2016,69.823,71.047,69.173,70.979,1817521
14/07/2016,71.861,73.328,71.276,73.328,2151663
15/07/2016,72.951,75.796,72.624,75.221,2011051
18/07/2016,74.24,76.183,73.645,75.746,1383154
19/07/2016,76.064,76.064,74.835,75.033,890039
20/07/2016,75.31,75.31,73.556,74.656,1351525
21/07/2016,74.844,76.113,74.666,76.073,1045473
22/07/2016,75.439,76.797,75.132,76.321,1142526
25/07/2016,76.381,77.233,76.073,76.222,1223841
26/07/2016,76.222,76.5,75.241,76.113,853645
27/07/2016,75.826,78.968,75.727,78.264,920034
28/07/2016,78.413,79.939,78.413,79.057,1248560
29/07/2016,78.968,78.968,77.322,77.858,1450927
01/08/2016,78.343,79.235,77.501,78.135,393673
02/08/2016,78.304,79.196,77.412,77.511,1280790
03/08/2016,77.312,78.086,76.45,77.114,1125252
04/08/2016,76.619,78.601,76.619,78.155,857365
05/08/2016,78.165,78.928,78.165,78.641,516723
08/08/2016,78.7,79.533,78.66,79.493,589551
09/08/2016,78.799,78.879,77.431,77.808,1597585
10/08/2016,77.808,79.473,77.62,79.245,717442
11/08/2016,79.196,79.384,78.175,79.037,435062
12/08/2016,79.037,79.097,78.205,78.502,388378
16/08/2016,78.115,79.444,78.026,78.839,769405
17/08/2016,78.314,79.097,77.808,77.828,1144144
18/08/2016,77.213,78.502,74.468,78.492,1155256
19/08/2016,78.205,78.72,76.638,77.233,818091
22/08/2016,76.044,76.301,75.082,75.429,1221790
23/08/2016,75.33,76.708,75.32,76.093,720315
24/08/2016,75.33,77.213,75.281,75.826,678585
25/08/2016,75.33,75.33,72.981,73.447,1292094
26/08/2016,73.546,75.013,73.199,74.2,572608
29/08/2016,73.546,74.19,72.376,72.456,507724
30/08/2016,72.376,72.674,71.167,72.029,802722
31/08/2016,72.029,73.427,71.524,72.604,763285
01/09/2016,73.546,73.843,71.118,71.118,495970
02/09/2016,71.464,72.852,70.969,72.456,421714
05/09/2016,72.357,74.517,72.357,74.141,460242
06/09/2016,74.537,75.727,73.159,75.221,595327
07/09/2016,76.212,78.373,76.212,77.412,854343
08/09/2016,77.322,78.006,74.983,75.072,746861
09/09/2016,74.735,75.072,71.613,71.613,1044225
12/09/2016,70.642,70.919,68.342,69.938,1520500
13/09/2016,71.861,71.97,68.987,69.383,1146183
14/09/2016,69.879,70.939,69.779,70.612,764939
15/09/2016,71.266,72.168,70.622,70.87,687528
16/09/2016,71.365,71.663,69.581,69.581,1051461
19/09/2016,70.275,71.038,69.68,70.107,456837
20/09/2016,69.898,70.929,69.888,70.394,773958
21/09/2016,70.553,70.999,70.473,70.681,900414
22/09/2016,71.613,74.131,71.613,73.645,1043752
23/09/2016,73.635,73.734,72.01,73.14,685496
26/09/2016,72.366,72.624,71.207,72.357,855277
27/09/2016,72.357,72.575,70.87,71.564,799795
28/09/2016,71.544,73.021,71.385,72.594,635644
29/09/2016,73.348,73.744,72.604,73.546,909095
30/09/2016,72.713,74.309,72.684,73.843,917928
03/10/2016,73.843,74.825,72.565,72.872,586143
04/10/2016,72.753,74.289,71.97,74.042,721470
05/10/2016,72.456,73.605,72.257,73.001,821360
06/10/2016,72.644,73.011,71.583,72.357,589040
07/10/2016,72.257,73.576,71.564,72.803,538916
10/10/2016,73.1,73.962,72.951,73.298,524566
11/10/2016,73.467,73.576,71.534,71.663,663108
12/10/2016,71.365,72.723,71.167,72.525,460488
13/10/2016,71.365,71.851,69.76,69.928,970926
14/10/2016,70.622,70.929,68.6,69.145,915115
17/10/2016,69.284,69.284,67.014,67.411,1078441
18/10/2016,68.382,69.978,68.293,69.036,736720
19/10/2016,69.185,69.958,68.531,68.689,545768
20/10/2016,69.373,69.373,68.263,68.263,346388
21/10/2016,68.263,69.482,67.906,68.451,743083
24/10/2016,69.284,70.116,69.056,69.958,400389
25/10/2016,71.96,72.347,70.543,70.543,669125
26/10/2016,70.771,71.484,69.234,71.365,604085
27/10/2016,71.028,71.722,70.097,70.146,706256
28/10/2016,70.364,71.167,69.502,71.167,488591
31/10/2016,70.781,71.613,70.126,70.453,575792
02/11/2016,70.107,70.146,68.045,68.392,859993
03/11/2016,68.392,69.363,67.738,68.868,722146
04/11/2016,68.996,70.176,68.887,70.116,662035
07/11/2016,71.603,72.822,71.385,71.811,1152910
08/11/2016,72.01,74.289,72.01,74.289,1256933
09/11/2016,73.447,80.286,73.358,80.286,4112644
10/11/2016,86.332,90.198,84.756,86.749,4233466
14/11/2016,89.217,89.95,83.418,83.418,2118001
15/11/2016,81.277,83.26,80.395,81.773,1409207
16/11/2016,82.258,82.566,80.593,81.277,998446
17/11/2016,81.317,83.042,80.881,81.198,1027957
18/11/2016,80.782,80.782,79.602,80.286,524681
21/11/2016,82.962,83.26,81.961,82.199,724071
22/11/2016,84.251,85.658,83.775,84.251,1087816
23/11/2016,85.44,85.936,83.517,85.847,1169435
24/11/2016,87.423,89.008,87.076,89.008,1322590
25/11/2016,89.098,89.098,87.145,87.769,942587
28/11/2016,89.306,90.079,87.72,87.72,796999
29/11/2016,86.729,88.8,85.738,86.124,1240345
30/11/2016,85.847,89.108,84.845,86.59,1493032
01/12/2016,87.898,87.898,84.251,86.084,1208908
02/12/2016,85.886,86.58,85.41,86.035,651787
05/12/2016,88.394,91.655,88.097,91.03,1974278
06/12/2016,91.377,94.747,90.842,94.46,1712162
07/12/2016,95.649,97.533,93.191,93.419,2211081
08/12/2016,93.419,97.087,92.775,97.087,1660961
09/12/2016,97.136,97.899,95.749,95.897,1209237
12/12/2016,96.581,96.581,94.371,95.56,638290
13/12/2016,95.154,96.541,94.163,94.956,878292
14/12/2016,94.163,94.46,91.913,92.765,1371322
15/12/2016,92.924,93.865,90.614,90.961,1095462
16/12/2016,90.743,91.655,88.711,89.207,1921623
19/12/2016,88.116,88.979,86.778,88.979,1106823
20/12/2016,89.217,91.734,88.453,91.477,663831
21/12/2016,92.18,93.102,90.892,91.318,524354
22/12/2016,89.603,91.863,88.909,91.833,731289
23/12/2016,91.675,91.982,89.97,90.396,372784
27/12/2016,90,91.377,89.95,91.189,444361
28/12/2016,91.714,92.478,91.179,91.189,764060
29/12/2016,91.189,92.448,90.892,90.892,370034
30/12/2016,91.288,92.18,90.971,91.665,380448
02/01/2017,91.665,91.833,90.803,91.358,172408
03/01/2017,92.676,95.025,92.25,93.171,1076670
04/01/2017,93.717,95.253,93.072,95.154,1135399
05/01/2017,95.154,95.907,94.361,94.965,858176
09/01/2017,94.628,95.451,94.361,95.154,490769
10/01/2017,96.046,99.96,96.046,99.317,1613544
11/01/2017,100.11,105.07,99.96,104.92,2557120
12/01/2017,105.36,108.34,105.21,107.15,3183435
13/01/2017,107.25,108.83,105.81,108.04,1295742
16/01/2017,108.04,110.76,108.04,109.03,1199254
17/01/2017,107.3,109.53,106.16,108.78,1120862
18/01/2017,108.53,113.74,108.04,112.35,1983766
19/01/2017,112.85,113.49,110.32,111.71,1200555
20/01/2017,111.01,112,110.72,111.95,865823
23/01/2017,112.5,113.44,111.9,112,538572
24/01/2017,112.2,116.96,112.1,116.56,1751805
25/01/2017,117.95,121.57,117.95,121.57,2139144
26/01/2017,122.41,124.29,120.33,120.97,1520906
27/01/2017,119.93,124.49,112.1,123.9,1805509
30/01/2017,123.9,125.38,121.22,121.22,1119251
31/01/2017,121.22,124.34,120.03,122.81,1279053
01/02/2017,124.34,127.62,124.34,125.63,1135355
02/02/2017,125.88,125.88,123.06,124.39,729854
03/02/2017,122.81,123.75,121.72,123.01,937073
06/02/2017,123.11,125.19,122.56,124.84,577939
07/02/2017,123.7,124.54,122.71,123.6,1044171
08/02/2017,125.38,125.68,122.91,122.91,1169313
09/02/2017,123.65,124.25,122.11,122.76,1082737
10/02/2017,124,126.28,122.51,125.73,1565527
13/02/2017,129.85,130.04,127.91,129.8,1089878
14/02/2017,129.85,130.34,127.86,127.86,1155715
15/02/2017,125.58,127.81,124.49,127.81,1051354
16/02/2017,127.62,128.61,126.03,127.76,786726
17/02/2017,127.37,127.66,126.13,126.67,867268
20/02/2017,127.52,129.25,127.47,129.25,641641
21/02/2017,128.71,134.36,128.61,134.31,1299534
22/02/2017,133.81,134.8,131.28,132.37,1031126
23/02/2017,131.63,134.55,130.84,131.83,1082765
24/02/2017,131.93,131.98,126.43,129.35,2123929
27/02/2017,129.35,131.33,127.71,129.6,676704
28/02/2017,129,129.35,126.97,127.86,902283
01/03/2017,130.39,131.23,128.95,130.34,839803
02/03/2017,130.79,131.13,127.96,129.05,741789
03/03/2017,127.47,127.71,125.48,126.48,833388
06/03/2017,125.88,126.28,123.2,123.2,713157
07/03/2017,122.91,124.29,117.9,117.9,1848883
08/03/2017,117.95,121.52,117.95,119.44,784557
09/03/2017,117.46,118.2,114.53,116.37,1324325
10/03/2017,117.16,119.49,116.96,116.96,800472
13/03/2017,119.74,121.62,119.44,121.47,981460
14/03/2017,122.46,123.6,119.54,123.15,1040403
15/03/2017,123.3,125.43,122.21,122.36,834776
16/03/2017,125.88,126.97,124.99,126.77,845190
17/03/2017,125.88,128.31,124.69,125.88,1745766
20/03/2017,124.89,125.83,122.71,124.49,767471
21/03/2017,123.01,125.29,121.32,121.92,1054726
22/03/2017,119.93,122.01,118.15,121.67,829774
23/03/2017,122.86,123.4,119.34,120.33,925062
24/03/2017,120.92,122.01,118.74,118.94,482667
27/03/2017,116.96,117.6,115.32,116.22,862713
28/03/2017,118.1,119.49,117.01,117.95,453613
29/03/2017,120.13,121.32,115.77,117.46,1206238
30/03/2017,118.15,118.35,114.58,118.3,684292
31/03/2017,117.8,117.8,114.78,114.78,795894
03/04/2017,116.56,118.25,115.18,116.91,556319
04/04/2017,115.97,119.59,115.82,119.04,833251
05/04/2017,120.73,127.37,119.74,127.37,1343965
06/04/2017,126.08,127.66,124.69,127.57,1010178
07/04/2017,125.48,128.36,125.19,128.36,1012881
10/04/2017,127.86,127.86,125.14,125.14,539655
11/04/2017,125.14,125.29,120.68,121.02,990695
12/04/2017,119.93,122.71,119.04,120.43,636501
13/04/2017,121.87,122.41,118.05,120.38,495758
18/04/2017,120.38,120.63,116.96,116.96,664091
19/04/2017,118.05,120.43,117.16,119.93,715009
20/04/2017,119.14,122.21,118.64,120.68,745116
21/04/2017,121.92,122.26,119.54,119.54,475999
24/04/2017,122.91,122.91,120.73,121.02,401964
25/04/2017,121.92,123.25,121.42,122.91,613644
26/04/2017,122.11,124.99,121.97,124.84,611872
27/04/2017,123.85,124.34,121.52,121.52,568232
28/04/2017,121.32,122.61,120.78,122.01,725993
02/05/2017,122.51,123.15,121.22,122.11,454168
04/05/2017,118.94,119.93,115.77,117.65,1574585
05/05/2017,117.01,118.25,115.13,117.36,950504
08/05/2017,117.31,117.31,111.31,112.75,1567633
09/05/2017,112.75,115.97,111.71,115.27,886851
10/05/2017,115.18,116.07,113.09,113.24,873780
11/05/2017,114.73,117.46,113.99,114.14,745664
12/05/2017,114.18,116.46,113.74,116.46,540155
15/05/2017,117.85,118.79,116.17,116.46,530845
16/05/2017,116.02,116.86,113.54,113.64,745725
17/05/2017,112.7,115.13,111.56,111.61,551196
18/05/2017,111.01,112.9,109.08,111.26,646347
19/05/2017,112,114.58,111.56,113.99,715908
22/05/2017,114.23,115.08,112.5,114.23,543245
23/05/2017,113,113.44,109.97,110.02,855125
24/05/2017,109.63,110.72,107.99,109.48,893217
25/05/2017,110.37,113.79,110.37,113.19,901206
26/05/2017,112.65,114.09,109.67,109.77,685338
29/05/2017,109.58,110.17,109.18,109.97,144004
30/05/2017,108.93,109.53,108.09,108.14,370461
31/05/2017,108.04,108.44,104.62,104.77,1315205
01/06/2017,105.07,108.04,104.52,108.04,567148
02/06/2017,108.04,109.08,105.86,107.59,545488
05/06/2017,107.15,107.49,105.66,107.1,236394
06/06/2017,106.5,109.38,105.66,109.38,668273
07/06/2017,108.83,110.76,105.91,106.06,761686
08/06/2017,106.8,111.46,106.8,111.46,1013866
09/06/2017,112.9,113.79,110.67,113.49,794938
12/06/2017,113.29,113.29,109.72,110.02,550415
13/06/2017,109.13,110.22,108.63,108.73,600507
14/06/2017,109.53,110.02,106.75,107.05,382217
16/06/2017,107.15,107.69,105.71,105.71,943848
19/06/2017,106.85,109.82,106.85,108.24,445289
20/06/2017,108.49,108.98,104.72,105.56,620853
21/06/2017,105.76,108.98,104.22,108.98,684562
22/06/2017,108.04,108.39,106.26,107.3,526414
23/06/2017,108.04,109.58,107.64,107.84,1110793
26/06/2017,109.13,110.02,108.58,108.68,589756
27/06/2017,109.53,111.51,108.34,110.42,1021736
28/06/2017,110.27,110.67,108.73,109.38,740520
29/06/2017,112.5,113.24,110.57,111.61,438969
30/06/2017,111.71,111.86,108.83,109.67,405712
03/07/2017,110.22,111.51,108.53,110.32,568347
04/07/2017,108.63,111.16,108.53,110.81,261039
05/07/2017,110.12,112,109.82,110.57,444993
06/07/2017,111.01,112.55,109.67,110.32,305025
07/07/2017,110.57,111.16,107.64,107.64,580326
10/07/2017,108.04,108.53,106.16,106.7,362423
11/07/2017,107.44,108.93,107.35,107.89,390402
12/07/2017,108.931,112.45,108.436,112.45,983258
13/07/2017,113.5,114.95,113,114.4,791989
14/07/2017,113.9,115,113.3,114.65,484806
17/07/2017,115.35,120.2,115.35,120.15,1122645
18/07/2017,119.95,121.85,118.75,121,944017
19/07/2017,121.35,122.75,119.65,121.45,868240
20/07/2017,121.4,122.4,118.4,119,811214
21/07/2017,119.85,121.3,118.55,118.55,665166
24/07/2017,118.35,119,116.85,116.85,720300
25/07/2017,120,121.95,119.15,121.95,1334595
26/07/2017,123.2,124.75,122.5,124,934768
27/07/2017,124.4,125.6,122.6,124.6,617726
28/07/2017,123.05,123.3,121.2,121.7,759193
31/07/2017,123.7,124.9,122,122.3,1035060
01/08/2017,122.65,122.7,120.2,121,1059331
02/08/2017,121,121.9,119.05,119.05,662819
03/08/2017,118.8,120.45,118,119.7,562104
04/08/2017,120.9,121,119.05,119.95,458768
07/08/2017,119.95,122,119.4,121.55,547313
08/08/2017,121.45,124.75,120.95,124.7,714674
09/08/2017,125,125.4,122.25,123.25,648349
10/08/2017,123.25,124.25,120.1,120.6,376560
11/08/2017,119.2,119.85,118.5,118.65,608202
14/08/2017,119.6,119.8,118.15,118.7,364529
16/08/2017,119,123.6,118.3,123,756757
17/08/2017,123.4,123.5,120.25,120.35,560491
18/08/2017,120.35,121,118.5,118.7,851003
21/08/2017,120,121.35,119.55,121.35,350694
22/08/2017,122.1,124.25,122.1,123.1,850953
23/08/2017,123.1,123.5,121.15,122.2,376938
24/08/2017,122.4,124.05,122,123.55,576536
25/08/2017,125.8,127,125,126,1027849
28/08/2017,126.9,127.5,125.05,126.6,527754
29/08/2017,127,127.1,124.25,126.7,714908
30/08/2017,127.3,127.85,126.3,126.8,647350
31/08/2017,127.5,128.25,125.05,126.1,843251
01/09/2017,126.55,127.4,125.5,127.1,381628
04/09/2017,126.95,128.2,126.8,128,351275
05/09/2017,128.7,132.25,127.8,128.8,1486053
06/09/2017,129.5,129.8,125.6,125.8,674118
07/09/2017,126.25,127.6,125.35,125.8,588738
08/09/2017,125,125,122.05,123.4,925872
11/09/2017,124.7,126,123.5,125.45,515119
12/09/2017,125.5,125.85,122.7,123.7,480772
13/09/2017,123.65,123.7,119.9,120.3,1090281
14/09/2017,119.7,121.3,118.6,120.15,604240
15/09/2017,120.7,120.95,119,119,946482
18/09/2017,121.4,121.9,119.25,119.35,574224
19/09/2017,119.5,120.6,119.35,120.5,244126
20/09/2017,121,121.55,119.3,120.25,292379
21/09/2017,118.9,118.9,115.8,116.95,940015
22/09/2017,115.3,117.85,114.45,117.85,635118
25/09/2017,117,117.65,114.9,115.55,463340
26/09/2017,115.8,117.4,113.4,113.4,731419
27/09/2017,115.15,115.45,113.6,113.8,536380
28/09/2017,113.8,114.8,112.6,113.65,456822
29/09/2017,115.5,117.75,115.15,117.4,778938
02/10/2017,117.8,118.55,116.5,117.15,502698
03/10/2017,117,118.6,116.6,116.9,472114
04/10/2017,117.65,117.95,114.4,114.4,555392
05/10/2017,115.45,120.4,115.45,120.4,1318787
06/10/2017,121.1,122.2,118.45,120.75,822696
09/10/2017,120.9,122,119.4,121,502860
10/10/2017,121.8,121.8,119.75,121.35,338287
11/10/2017,122,123.3,121.1,122.4,736935
12/10/2017,123.6,124.3,122.85,123.3,580596
13/10/2017,123.5,123.8,120.8,121.4,479495
16/10/2017,125.05,127.15,124.75,126.75,1198574
17/10/2017,126.05,127.35,124.95,125.95,866462
18/10/2017,126.05,127.15,124.5,126.5,686511
19/10/2017,125.9,126.4,123.05,123.65,525027
20/10/2017,125,125.7,122.4,122.4,378412
23/10/2017,122.5,123.25,121.6,122,399364
24/10/2017,123.3,124.05,121.3,122.2,541773
25/10/2017,121,122.7,120.15,121.3,408095
26/10/2017,121.1,123,119.3,120.7,560888
27/10/2017,117.5,120.15,116.5,120.15,851914
30/10/2017,120.7,122,120.7,122,246795
31/10/2017,122.5,123.4,120.95,122.95,323295
02/11/2017,123.15,124.15,121.7,122.9,325166
03/11/2017,122.7,122.9,120.65,122.6,163713
06/11/2017,122.6,125.4,122.25,124.75,386833
07/11/2017,124.55,125.8,122.35,122.35,529320
08/11/2017,121.7,122.3,120.7,121.35,382205
09/11/2017,120.8,121,119.1,120.65,505954
10/11/2017,120.7,121.85,119.55,120.4,229542
13/11/2017,121,122.65,119.25,122.05,390103
14/11/2017,121.55,122.25,118.5,119.1,675831
15/11/2017,116.95,117.1,112.15,112.15,2056825
16/11/2017,112.8,113.7,110.3,110.7,937774
17/11/2017,111.8,112.3,110.75,112,497704
20/11/2017,111.95,113.5,110.8,112,431711
21/11/2017,112.5,116.9,112.3,115.5,619144
22/11/2017,116.4,117.25,114,114.25,513622
23/11/2017,113.85,113.9,112.15,112.7,406025
24/11/2017,113.5,114.8,113.3,113.75,509584
27/11/2017,112.8,112.8,111.4,112.2,443743
28/11/2017,111.65,111.65,107.95,109.85,1166211
29/11/2017,110,110,106.3,107.4,946340
30/11/2017,107,108.3,105.3,106.8,1391840
01/12/2017,107,108.5,106.6,108.5,1423618
04/12/2017,109.2,109.45,107.05,107.55,497034
05/12/2017,105,105.4,102.25,103.1,1097733
06/12/2017,101.9,103.6,100.35,101.2,936008
07/12/2017,101.15,102.8,99.75,100,797074
08/12/2017,102,103.55,101.55,102.4,654820
11/12/2017,102.4,103.15,101.55,102.95,518764
12/12/2017,103,103.5,101.2,102.55,555093
13/12/2017,102.1,104,101.7,103.35,899695
14/12/2017,103.6,105.35,103.1,104.05,988622
15/12/2017,104.3,105.2,103.35,103.9,1463085
18/12/2017,106.5,108.5,105.7,108.5,959284
19/12/2017,107.85,108.85,106.95,107,619229
20/12/2017,107.65,110.65,107.65,109.9,780711
21/12/2017,110.2,111.5,109,110.75,572547
22/12/2017,110.7,111,109.2,109.25,252665
27/12/2017,111.95,112.7,111.05,111.7,648722
28/12/2017,112.95,113.1,111.9,112.85,582903
29/12/2017,112,113,111.2,111.2,443834
03/01/2018,111.4,111.7,106.65,109.4,613144
04/01/2018,111.25,113.4,110.25,113.1,641641
05/01/2018,113,113.2,111.9,112.7,370295
08/01/2018,113.2,113.7,111.35,111.8,461082
09/01/2018,112.9,113.5,111.7,112.25,625781
10/01/2018,112,113.85,111.8,113.85,607222
11/01/2018,113.8,115.25,113.1,114.3,520245
12/01/2018,115,115.45,113.4,113.95,443828
15/01/2018,115.5,115.95,114,115,291074
16/01/2018,113.8,114.95,112.1,113.85,691515
17/01/2018,113.85,114.95,112.8,113,500655
18/01/2018,113.45,114,112.3,112.3,416740
19/01/2018,113.6,113.7,112.05,112.7,436068
22/01/2018,112.5,114.25,112.5,113.8,352633
23/01/2018,114,114.75,111.55,112.3,858269
24/01/2018,112.45,113,110.25,112.95,427363
25/01/2018,113.4,113.5,112.2,112.35,480475
26/01/2018,112.55,112.9,111.2,112.45,159997
29/01/2018,112.7,113.35,112.4,113.35,237238
30/01/2018,112,112.65,111.1,111.65,297955
31/01/2018,112.05,112.5,110.05,110.05,560896
01/02/2018,110.5,112,108.55,111.5,384029
02/02/2018,111.7,112.15,107.6,108.5,438877
05/02/2018,107.4,109.6,106.8,108.8,489257
06/02/2018,104,109.45,103.2,107.45,892810
07/02/2018,108.2,108.65,104.8,105.75,561941
08/02/2018,105.3,105.65,103.75,103.75,729006
09/02/2018,103.1,103.45,101.05,102.25,805578
12/02/2018,104.6,105.3,104.05,104.35,455029
13/02/2018,105.9,107,104.75,106.9,504633
14/02/2018,107.35,110.9,106.8,110.5,598776
15/02/2018,111.2,113,109.8,109.8,641731
16/02/2018,111.95,112.5,109.3,110,463560
19/02/2018,110,110.65,107.3,107.5,275719
20/02/2018,107.4,108.85,106.6,108.85,294173
21/02/2018,107.6,110.5,107.55,110.5,477195
22/02/2018,108.6,110.2,107.6,109.3,509347
23/02/2018,109.35,109.95,107.65,107.95,314955
26/02/2018,109.45,110.45,108.6,108.6,411322
27/02/2018,109.85,109.85,107.1,107.75,622822
28/02/2018,107.3,108.1,104.85,105,741154
01/03/2018,105,105.5,101.35,102.8,1054415
02/03/2018,101.5,103.5,101.4,102.5,478892
05/03/2018,102.4,104,102.25,103.6,265496
06/03/2018,104.4,106.7,103.9,106.2,547945
07/03/2018,105.8,106.15,103.1,103.8,831951
08/03/2018,103.7,103.75,101.45,102.4,568086
09/03/2018,102.1,104,102.1,104,410783
12/03/2018,103,104.05,101.3,102.55,533551
13/03/2018,102.45,103.95,102.3,102.65,344925
14/03/2018,103,104.4,103,103.5,453522
15/03/2018,104,104,101.2,102.75,573158
16/03/2018,102.85,104.15,100.65,101.15,1350661
19/03/2018,101.4,101.4,95.1,95.16,1054023
20/03/2018,95,95.02,91.08,93.22,1301801
21/03/2018,93.1,94.88,91.14,94.62,850120
22/03/2018,94.96,95.5,91.32,91.9,759973
23/03/2018,91,91.44,89.16,90.96,629786
26/03/2018,90,90,86.12,86.94,908390
27/03/2018,88.6,89.76,86.8,86.8,706572
28/03/2018,85.94,85.94,82.24,84.2,1401641
29/03/2018,85,88.18,84.7,86.82,944621
03/04/2018,87.06,88,85.2,88,412964
04/04/2018,88.32,88.48,86.08,87.66,684074
05/04/2018,89,91.5,88.9,90.24,778968
06/04/2018,89.88,91.14,89.06,89.86,399937
09/04/2018,91.08,91.36,88.8,89.04,622195
10/04/2018,91,91.98,89.54,91.34,742896
11/04/2018,91.34,93,90.7,91.9,657311
12/04/2018,91.04,92.36,90.3,92,616480
13/04/2018,93,93.78,92.1,92.3,417412
16/04/2018,92.3,93.4,92.26,92.9,417437
17/04/2018,92.9,93.36,92.26,92.84,527974
18/04/2018,93.72,95.5,93,95.5,623727
19/04/2018,95.6,97.78,95,95.9,743808
20/04/2018,95.84,96.8,94.98,95.72,360318
23/04/2018,96.02,96.78,90.88,91.54,804891
24/04/2018,92,94,91.96,92.8,557232
25/04/2018,91,92.4,90.72,91,2079777
26/04/2018,90.86,93.24,90.2,93.24,623822
27/04/2018,93.5,94.22,91.72,92.24,383967
30/04/2018,92.66,94.26,91.88,93.64,578013
02/05/2018,94.3,95.86,93.7,95.8,380686
04/05/2018,95.8,95.8,92.26,92.7,603135
07/05/2018,93,93.16,91.48,91.98,226932
08/05/2018,92.4,92.8,91.3,92.5,599879
09/05/2018,92.5,94.18,92.32,93.5,375221
10/05/2018,93.92,98.88,93.54,97,981605
11/05/2018,97.5,98.38,96.5,97.5,336191
14/05/2018,98,98.18,95,95,640935
15/05/2018,92.6,94.86,91.22,92.2,1088536
16/05/2018,92.5,93,89.82,92.2,899578
17/05/2018,92.8,95.3,91.14,95,2069077
18/05/2018,95,95.66,91.88,93.5,548031
21/05/2018,94.14,94.6,93.72,94.12,494895
22/05/2018,93,94.98,92.6,93.88,618795
23/05/2018,93.1,93.5,90.64,92.58,700157
24/05/2018,92.6,94.38,92.26,93.5,462994
25/05/2018,93.78,94.16,91.1,91.32,304711
28/05/2018,92,92,89.34,89.4,255420
29/05/2018,89.6,90.18,88.12,88.12,520025
30/05/2018,86.84,87.6,84.64,84.72,1452797
01/06/2018,84.92,88.12,84.3,88.12,435372
04/06/2018,92.48,93.2,89.52,93.2,699518
05/06/2018,93.4,96.7,92.62,96.52,1135944
06/06/2018,96.7,97.8,95.76,96.4,801103
07/06/2018,97.8,98.4,96,96.84,561162
08/06/2018,95.2,97,95.2,96.28,662489
11/06/2018,96,96.22,93.62,95.5,614225
12/06/2018,96.18,96.18,93.16,93.52,708997
13/06/2018,93.44,93.8,92.56,93.3,596154
14/06/2018,92.42,93.04,91.8,92.1,379419
15/06/2018,92.1,92.6,89.22,89.22,818199
18/06/2018,89.6,90.78,87,87,370979
19/06/2018,85.3,86,83.62,85.2,576968
20/06/2018,86.3,88.48,84.4,84.4,564775
21/06/2018,85.3,86.96,84.36,86.06,782748
22/06/2018,87.22,88.4,86.16,87,359977
25/06/2018,87.16,88.4,86,86.3,400865
26/06/2018,86.3,88,86.3,86.6,299575
27/06/2018,86.3,87.38,85.6,87.26,850645
28/06/2018,86.8,87.3,86.12,86.48,666722
29/06/2018,87,88.18,86.9,88,602828
02/07/2018,87.72,89.3,87.72,87.88,442907
03/07/2018,88.26,90.56,88,90.44,416518
04/07/2018,90,90.58,89.16,89.54,999926
05/07/2018,89.1,93.8,89.1,91,946045
06/07/2018,91.5,92.66,90.16,90.16,529515
09/07/2018,93.5,93.5,92,92.5,536066
10/07/2018,93,93.3,91.32,91.6,439790
11/07/2018,89.74,89.9,88.42,89.26,564607
12/07/2018,90.38,91.16,89.6,89.6,486491
13/07/2018,90,90.38,88.7,88.7,307522
16/07/2018,88.82,89.5,88.28,89,469133
17/07/2018,89.64,93.1,88.5,93.1,464161
18/07/2018,92.4,93.14,91.58,92.28,270289
19/07/2018,92,92,90.04,90.4,881882
20/07/2018,91,92.32,89.7,91,544151
23/07/2018,91.64,93.36,91.36,92.94,354951
24/07/2018,93.3,97.3,93.02,97.1,1262660
25/07/2018,97.14,97.28,95.82,96.4,490502
26/07/2018,96.6,97.78,96.34,97.48,683816
27/07/2018,97,97.7,96.42,97.48,163288
30/07/2018,96.08,96.5,95.02,96,507041
31/07/2018,95.8,96.98,95.1,96.5,756392
01/08/2018,96.08,96.54,94.48,96,515046
02/08/2018,94.8,95.2,91.74,91.94,649166
03/08/2018,92.4,93.8,91.76,92.46,424791
06/08/2018,92.74,92.84,91.52,92.48,179876
07/08/2018,93.84,95,93.56,95,358602
08/08/2018,94.9,95.62,92.2,92.4,582612
09/08/2018,93.14,94.26,92.2,94,393906
10/08/2018,92.84,92.96,90.2,90.3,694454
13/08/2018,90.5,91.4,89.66,90.74,331429
14/08/2018,91.5,91.6,89.3,89.44,417224
16/08/2018,88.6,88.6,86.4,88,681135
17/08/2018,88.4,88.7,83.02,84,1101084
20/08/2018,85.1,85.7,83.14,83.8,593038
21/08/2018,84.32,87,84.2,86.74,685574
22/08/2018,86.5,87.68,86,87.26,381340
23/08/2018,86.3,87.16,86.04,86.74,588451
24/08/2018,87.02,88.68,86.7,88.06,403276
27/08/2018,88.74,92.18,88.66,92.18,509221
28/08/2018,92.2,93.8,91.62,93.28,587167
29/08/2018,92.9,93.62,92.14,92.92,428735
30/08/2018,92.46,93.38,91.8,92.18,572880
31/08/2018,92,92.1,90.62,90.8,630418
03/09/2018,90.5,93.7,90.44,92.7,393643
04/09/2018,92,93.28,87.8,88.04,870705
05/09/2018,88.2,88.98,86.24,87.2,686799
06/09/2018,87.8,89.8,87.08,87.08,455022
07/09/2018,87.38,87.7,83.4,84.66,744405
10/09/2018,84.9,86.32,83.8,85.5,323935
11/09/2018,87.14,87.2,82.52,82.56,686087
12/09/2018,83.28,84.96,81.7,83.06,740397
13/09/2018,84.9,86.52,84.08,84.6,634838
14/09/2018,85,85.7,84.02,84.84,301607
17/09/2018,83.9,84.34,82.56,82.9,504164
18/09/2018,83.6,85.54,83.2,85.5,517075
19/09/2018,86.6,88.68,85.86,87.4,807699
20/09/2018,87.4,88.46,86.62,87.18,492321
21/09/2018,88.5,90.6,88.5,89.5,3796857
24/09/2018,89.1,90.98,88.8,90.86,523765
25/09/2018,89.9,91.76,89.64,91.08,660482
26/09/2018,90.92,93.4,90.92,92.9,781933
27/09/2018,92.02,92.26,89.6,90.32,719229
28/09/2018,90.38,90.96,87.3,89.1,743687
01/10/2018,89.22,90.5,88.1,89.36,342338
02/10/2018,88.9,90.72,87.7,90.38,480622
03/10/2018,90.6,91.34,90.22,90.4,229822
04/10/2018,90.26,90.42,88.6,88.6,314312
05/10/2018,88.62,88.88,86.2,86.88,425365
08/10/2018,86.66,87.7,85.9,86.78,300485
09/10/2018,88.36,89.2,86.52,87.28,385919
10/10/2018,87.96,88,85.3,85.5,369912
11/10/2018,83.88,85.36,81.1,84.6,1183027
12/10/2018,85.5,87.36,84.84,85.4,538742
15/10/2018,85.8,85.82,83.6,83.78,476844
16/10/2018,84.8,86.58,83.6,83.9,1167594
17/10/2018,84.6,85.36,83.5,84.2,552340
18/10/2018,83.62,84.48,83,84.16,352761
19/10/2018,84.02,84.68,83.1,84.64,305535
22/10/2018,85.54,86.18,84.86,85.74,348924
23/10/2018,84.8,85.14,82.84,82.94,504350
24/10/2018,83.5,83.78,82.5,83,288968
25/10/2018,82.36,84.14,81.32,83.52,514440
26/10/2018,83.3,83.62,82.3,82.74,536937
29/10/2018,83.2,85.6,83.1,84.14,479635
30/10/2018,84.6,85.48,83.94,84.7,553391
31/10/2018,85.02,87.98,84.72,86.88,949654
02/11/2018,89.92,91.4,89.9,90.26,1206559
05/11/2018,89.6,90.96,88.9,90.34,460159
06/11/2018,90.2,90.3,88.2,89.16,353160
07/11/2018,89.4,92,89.14,90.78,580495
08/11/2018,91,91.2,89.12,90.96,496190
09/11/2018,89.5,90.64,88.64,89.3,492892
13/11/2018,89.3,97.96,89,93,1792717
14/11/2018,92.96,92.98,91.2,91.2,428452
15/11/2018,91,92,89.24,90,608177
16/11/2018,90.8,92.28,90,91.2,547579
19/11/2018,91.22,92.6,89.9,91.24,496708
20/11/2018,90.7,90.72,88.6,88.82,730241
21/11/2018,89.44,90.88,89.28,90.64,559292
22/11/2018,90.6,91.34,89.22,91.18,304912
23/11/2018,90.76,91.14,89.02,89.94,253893
26/11/2018,89.6,90.56,87.8,88.1,402429
27/11/2018,88.18,89.1,86.84,87.3,428501
28/11/2018,88.22,90.2,88.08,89.9,461739
29/11/2018,90.6,91.48,89.7,90.28,546586
30/11/2018,90.28,90.28,89.3,89.72,699276
03/12/2018,92,94.6,91.7,93.5,1087659
04/12/2018,92.94,93.4,91.94,92.6,624753
05/12/2018,91.6,92.4,90.8,92,380475
06/12/2018,91,91.34,89.3,89.32,674058
07/12/2018,89.92,90.2,88.1,89,624892
10/12/2018,88.44,88.68,85.8,85.8,483165
11/12/2018,86.66,87.9,86.2,87.1,544406
12/12/2018,87.6,88.96,87.1,88.96,428490
13/12/2018,89.5,90.96,89.2,90.4,603322
14/12/2018,89.2,90.52,88.16,90.52,554897
17/12/2018,89.9,90.9,89.54,89.78,419622
18/12/2018,89.52,89.58,87.72,88.92,461281
19/12/2018,88.8,90.72,88.8,89.68,536656
20/12/2018,88.4,89.7,87.72,89.46,508752
21/12/2018,89.46,89.56,87.92,88.7,891069
27/12/2018,89.4,89.7,88,88.5,278387
28/12/2018,88.58,89.76,88.2,88.88,236558
02/01/2019,88,89.44,86.12,89.18,517529
03/01/2019,88.4,89.08,86.12,86.12,536749
04/01/2019,87.5,88.58,87.4,88.42,495046
07/01/2019,88.98,90.66,88.82,90.66,415956
08/01/2019,90.2,90.68,89.2,89.64,416111
09/01/2019,90.5,92,90.28,92,804877
10/01/2019,91.58,92,91,92,272933
11/01/2019,92.46,93.36,89,89.96,563866
14/01/2019,89.14,89.9,88.06,89.74,351277
15/01/2019,90.54,91.74,89.92,91.44,435022
16/01/2019,91.8,92.56,89.4,91.74,415398
17/01/2019,91.74,91.9,90.6,91.52,323909
18/01/2019,91.8,92.9,90.74,92.48,602327
21/01/2019,91.88,92.9,90.52,91.2,308026
22/01/2019,90.66,91.28,90.12,90.98,397728
23/01/2019,90.6,91.54,90.46,90.9,447037
24/01/2019,90.7,91.98,90,91.6,407169
25/01/2019,91.98,92.46,91.04,92,546615
28/01/2019,91.94,92.3,90.94,91.88,295452
29/01/2019,91.9,94.48,91.18,92.9,891014
30/01/2019,92.9,94.9,92.64,93.32,773834
31/01/2019,94.42,94.9,93.74,94.16,714886
01/02/2019,93.84,95.9,93.56,95.9,517795
04/02/2019,95.7,96.88,94.6,95.74,482511
05/02/2019,96.5,99.14,96.24,99.14,754432
06/02/2019,99,99.96,97.7,98.38,486897
07/02/2019,97.78,97.98,96,96.6,408182
08/02/2019,96.46,96.58,94.44,94.44,538333
11/02/2019,94.58,96.08,92.5,92.5,745319
12/02/2019,93.36,95.36,93.36,95.36,604973
13/02/2019,95.56,96.58,95.14,96.38,608519
14/02/2019,96.56,97.4,92.56,93.5,712011
15/02/2019,93.5,96.18,93.44,95.46,498932
18/02/2019,96.2,96.46,94.86,95.74,561220
19/02/2019,95.74,96.42,94.82,96.3,535078
20/02/2019,96.5,99.6,96.5,99.6,1360174
21/02/2019,99.14,99.98,96.74,97.02,1211593
22/02/2019,97.64,99.88,97.28,99,1526815
25/02/2019,99.7,103.25,99.7,102.3,1325125
26/02/2019,102,103.2,101.15,102.45,905014
27/02/2019,102.1,102.8,100.75,100.8,837475
28/02/2019,100.55,102,99.66,101.3,745149
01/03/2019,101.95,102.8,101.1,101.5,424720
04/03/2019,101.5,101.85,99.92,101.2,271734
05/03/2019,100.6,102.95,100.55,101.6,535912
06/03/2019,101.5,104.15,101.5,103.95,560126
07/03/2019,103.9,103.9,101.4,102,383742
08/03/2019,100.75,101.4,98.62,98.8,831315
11/03/2019,98.52,100.8,98.52,99.6,423934
12/03/2019,100.5,101.75,99.74,101.6,799215
13/03/2019,101.15,102,100.85,101.4,569917
14/03/2019,101.4,101.95,99.72,100.95,480861
15/03/2019,100.15,102,99.02,101.1,1334948
18/03/2019,101.6,102.5,100.85,102,700735
19/03/2019,102,107.6,101.95,105.85,1298405
20/03/2019,105,106.25,103.55,105.75,353984
21/03/2019,106,107.2,105.4,106.25,446020
22/03/2019,105.85,106.3,103.1,103.5,685375
25/03/2019,103,105.15,102.35,103.45,414143
26/03/2019,103.5,104.95,103.5,104.95,326219
27/03/2019,104.4,105.5,103.85,104.45,320480
28/03/2019,104.5,105.8,104.5,105.2,274498
29/03/2019,105.9,107.8,105.85,107,1069205
01/04/2019,108,109.5,108,109.4,529365
02/04/2019,109,109.9,108.1,109.45,425605
03/04/2019,110.1,112,110.1,111.75,555007
04/04/2019,111.75,111.75,108.5,109.3,598814
05/04/2019,108.85,111,108.85,109.3,369266
08/04/2019,110,111.7,110,111.6,385235
09/04/2019,111.8,112.5,109.9,111.55,301515
10/04/2019,111.05,112.4,110.95,112,387835
11/04/2019,111.5,111.5,109.65,110.85,627167
12/04/2019,111.15,112,110.3,110.7,295360
15/04/2019,111,111.7,110.1,110.65,214622
16/04/2019,110.65,111,110,110.8,206980
17/04/2019,111.6,112,107.2,107.2,743936
18/04/2019,107.3,107.8,103.55,107.2,650612
23/04/2019,107.05,108.6,105.9,107.75,258760
24/04/2019,107.75,108.75,106.35,107.2,611346
25/04/2019,106.45,106.55,103.6,104.7,592942
26/04/2019,104.8,105.65,104.45,105.65,285868
29/04/2019,106.05,106.35,104.55,105.45,216510
30/04/2019,105.2,105.3,102.3,102.85,508239
02/05/2019,100.75,102.05,99.5,99.54,565142
06/05/2019,99,99.2,96.82,97.72,479282
07/05/2019,98.1,98.84,95.44,96.14,536268
08/05/2019,96.14,97.72,95.6,95.9,446828
09/05/2019,95.4,96.44,91.7,92.64,620722
10/05/2019,92.88,95.84,92.88,95.64,516608
13/05/2019,95.3,95.3,91.5,92.24,687962
14/05/2019,92.94,93.4,91.68,92.32,569685
15/05/2019,93.1,93.68,92.04,92.92,264158
16/05/2019,94.64,96.98,94.18,96.82,519642
17/05/2019,96.5,96.5,94.42,94.88,367624
20/05/2019,95,95.28,93.32,94.1,363487
21/05/2019,94,95.5,93.04,95.48,462614
22/05/2019,94.9,95.78,93.74,94.7,600648
23/05/2019,94,94.44,92,92.06,448982
24/05/2019,93.3,95.86,92.62,94.24,481302
27/05/2019,94.9,95.84,93.74,94.86,114173
28/05/2019,95,95.8,93.4,94.66,1007258
29/05/2019,93.7,94.58,93,93.7,573004
30/05/2019,93.34,95.3,93.34,93.96,597950
31/05/2019,93.16,95,92.1,95,767484
03/06/2019,95,97.32,94.16,96.1,461242
04/06/2019,95.9,97.14,95.5,96.84,374130
05/06/2019,96.58,96.84,93.4,93.52,597806
06/06/2019,94.06,95.1,93.7,94.76,304555
07/06/2019,94.94,95.44,92.52,93.1,608394
10/06/2019,93.78,95.44,93,95.44,319353
11/06/2019,96,98.96,96,98.66,890984
12/06/2019,97.22,98.9,96.02,98.9,490932
13/06/2019,98.1,99.92,97.72,99.92,497521
14/06/2019,99.34,99.74,98.34,98.44,416954
17/06/2019,98.28,99.92,97.82,99.8,306118
18/06/2019,99.98,104.2,99.06,104.05,746706
19/06/2019,104,104,102.65,102.95,427989
21/06/2019,103.75,105.9,102.6,104.4,1173100
24/06/2019,104.4,104.55,102.4,104.1,373280
25/06/2019,103.35,105.9,103,104.3,370154
26/06/2019,104.3,104.8,102.65,102.75,326731
27/06/2019,102.75,104.7,102.75,103.95,266502
28/06/2019,103.55,104.35,103,103.5,327625
01/07/2019,105.5,106.7,103.4,104.1,407465
02/07/2019,104.25,104.55,101.55,101.7,358779
03/07/2019,101.65,102,99.7,101,514625
04/07/2019,100.85,101.2,99.5,100.25,291007
05/07/2019,100,100,97.26,98.16,452626
08/07/2019,98,99.88,97.92,99,321692
09/07/2019,99,99,95.14,95.84,731596
10/07/2019,96.4,97.72,95.7,96.2,711184
11/07/2019,97.22,98.24,95.24,95.5,517317
12/07/2019,96.04,96.98,94.7,94.7,499401
15/07/2019,95.42,96.7,95.12,95.26,557862
16/07/2019,95.66,96.3,94.92,95.62,420672
17/07/2019,95.32,95.52,93.8,94.06,728842
18/07/2019,94,95.64,93.2,95.5,1046224
19/07/2019,97.54,98.18,96.5,97.26,859267
22/07/2019,97.32,97.68,96.6,96.64,346037
23/07/2019,97.5,97.96,95.94,96.64,503685
24/07/2019,96.98,97.08,96.2,96.72,314383
25/07/2019,97.1,98.86,96.66,97.5,525546
26/07/2019,96.94,97.88,96.2,96.5,366359
29/07/2019,96.66,97.18,95.64,96.58,290295
30/07/2019,96.58,96.86,94.38,94.38,364389
31/07/2019,94.38,94.92,93.68,94.4,527955
01/08/2019,94.26,94.26,90.3,91.36,704525
02/08/2019,90,90.56,87.52,87.78,1137047
05/08/2019,86.96,87,84.02,84.02,1040067
06/08/2019,84.6,85.66,83.6,83.72,709613
07/08/2019,84.06,84.42,82.3,83.48,572377
08/08/2019,85.6,86,83.4,84.02,841238
09/08/2019,84.42,84.78,82,82.26,418623
12/08/2019,83.38,83.38,79.3,79.3,625458
13/08/2019,79,82.9,78.6,82.88,808086
14/08/2019,83.72,83.72,79.28,79.28,611100
16/08/2019,79.28,79.64,74.9,74.9,836316
19/08/2019,76.2,78.04,75.88,77.88,553100
20/08/2019,78,78.3,75.36,77,552821
21/08/2019,77.98,78.1,74.5,74.9,860227
22/08/2019,74.6,76.58,73.6,74.78,794759
23/08/2019,75.82,76.92,74.64,75.64,767719
26/08/2019,74.44,74.9,72.4,73.76,563299
27/08/2019,74,75.78,73.16,75.08,1080576
28/08/2019,75.6,75.6,72.66,73.76,632276
29/08/2019,73.8,75.96,73.8,75.5,544802
30/08/2019,76,78.48,75.6,78.32,764820
02/09/2019,78.4,78.48,76.92,77.62,469728
03/09/2019,77.4,77.46,73.22,73.88,1058087
04/09/2019,75.3,77.32,75,77.16,992207
05/09/2019,77.64,78.68,76.28,78.26,681350
06/09/2019,78.46,80.42,77.78,79.44,810871
09/09/2019,79.46,80.58,79,80.42,623725
10/09/2019,80.86,80.86,79.28,79.98,533129
11/09/2019,80.36,80.92,79.3,79.58,418047
12/09/2019,80.9,82.94,80.14,81.7,1035029
13/09/2019,82,84.26,82,84.26,697761
16/09/2019,82.7,84.44,82.14,83.14,593867
17/09/2019,82.3,82.6,80.82,81.1,846251
18/09/2019,81.36,82.96,81.1,81.82,618373
19/09/2019,81.66,81.98,80.84,81.38,514795
20/09/2019,81.76,82.58,81.22,81.58,948290
23/09/2019,81.18,81.48,77.82,78.64,762468
24/09/2019,78.72,79.8,78.72,79.24,389888
25/09/2019,78.66,79.62,78.5,78.98,453525
26/09/2019,79.4,80.68,78.9,79.04,425161
27/09/2019,79.48,80.22,78.9,79.8,274400
30/09/2019,80.2,80.4,79.06,80,482105
01/10/2019,79.38,79.38,77.24,77.24,618210
02/10/2019,77.96,78.06,74.3,74.32,793500
03/10/2019,74.76,75.32,73.5,73.94,420605
04/10/2019,74.02,74.94,73.62,74.94,439632
07/10/2019,75.06,77,74.72,77,545327
08/10/2019,77.04,77.92,75.42,75.62,506004
09/10/2019,75.6,76.8,75.54,75.9,343659
10/10/2019,76.32,77.98,76.24,77.7,738486
11/10/2019,78.3,80.1,78.22,79.92,554611
14/10/2019,80.2,80.6,78.32,78.58,436465
15/10/2019,78.98,79.54,78.44,78.64,288863
16/10/2019,78.5,78.5,76.72,76.74,533729
17/10/2019,76.9,78.48,76.36,78.08,363043
18/10/2019,77.4,78.5,76.62,78.28,323828
21/10/2019,78.5,81.4,78.5,80.98,560515
22/10/2019,81.5,81.92,81.04,81.36,307643
23/10/2019,81,81.88,80.52,81.7,338994
24/10/2019,81.8,82.46,81.04,81.4,324059
25/10/2019,81.2,82.04,80.82,81.6,215376
28/10/2019,82.1,84.46,81.4,84.42,661199
29/10/2019,84.42,86.9,84.06,86.2,918571
30/10/2019,86.22,86.66,85.7,86.22,498427
31/10/2019,86.22,86.24,83.64,83.64,1096067
04/11/2019,85.32,89,85.12,88.92,974976
05/11/2019,89.9,92.62,89.38,91.64,962176
06/11/2019,90.64,91.54,90.3,91,396956
07/11/2019,91.6,96.7,91.6,96.7,1425770
08/11/2019,95.5,96.94,94.62,96.4,897528
12/11/2019,96.5,96.7,93.88,95.7,757279
13/11/2019,94.5,94.86,93.5,94.2,442798
14/11/2019,94.2,95.14,93.06,94.2,421434
15/11/2019,94.3,94.82,93.8,94.7,411710
18/11/2019,94.88,96.64,94.88,95.28,437842
19/11/2019,95.42,96.22,94.5,94.5,525519
20/11/2019,94,94.28,90.62,93.5,690122
21/11/2019,94,94.7,91.6,91.9,898320
22/11/2019,91.6,93.14,89.28,90.42,1057534
25/11/2019,90.92,92.78,90.92,92.24,600615
26/11/2019,92.04,92.26,90.76,91.82,1166297
27/11/2019,92.1,94.2,91.84,92.22,254496
28/11/2019,92,92,90.54,90.78,212167
29/11/2019,90.2,91.24,89.54,89.9,371411
02/12/2019,90,91,87.22,87.9,636590
03/12/2019,87.3,88.82,86.64,87.06,600871
04/12/2019,87.28,89.24,87.06,88.66,400441
05/12/2019,89,90.56,88.58,89.84,343081
06/12/2019,89.14,92.9,88.62,92.9,444565
09/12/2019,93.2,94.12,91.16,93.36,513216
10/12/2019,92.96,95.46,92.12,93.8,964929
11/12/2019,93.8,94.5,92.54,92.8,543215
12/12/2019,93.4,95.5,93.18,95.5,778450
13/12/2019,96.5,97.94,96.08,96.5,952746
16/12/2019,97,98.78,96.6,98.06,608442
17/12/2019,98.06,98.3,97.16,97.76,410624
18/12/2019,97.38,97.44,95.5,95.5,327939
19/12/2019,95.5,96.5,95.5,96.5,334885
20/12/2019,95.5,96.4,94.72,95.02,785192
23/12/2019,94.78,95.3,94,95,272375
27/12/2019,96,98,95.96,96.3,278517
30/12/2019,96.44,96.86,95.5,95.58,179180
02/01/2020,96.56,98.2,96.56,97.9,232235
03/01/2020,96.2,97,95.24,96.12,317912
07/01/2020,96,97.2,95,95.96,314584
08/01/2020,95.94,96.46,94.96,94.96,251166
09/01/2020,96.06,97.36,96.06,96.9,520817
10/01/2020,97,99.3,97,99,692210
13/01/2020,99,100.2,99,100,620592
14/01/2020,100.1,101.5,99.5,99.8,463394
15/01/2020,99.5,99.5,97.52,98.76,722368
16/01/2020,98.8,99.98,98.64,99.5,397573
17/01/2020,100,101,99.74,101,321884
20/01/2020,101.15,101.55,100.05,100.4,220439
21/01/2020,99.66,99.66,97.2,97.76,718678
22/01/2020,97.6,98.38,96.62,97,506524
23/01/2020,96.3,98.18,96.1,96.36,663144
24/01/2020,97.02,98.68,97.02,97.36,812671
27/01/2020,96.36,96.4,92.96,93.16,1043861
28/01/2020,93.6,94.9,91.78,93.7,711148
29/01/2020,94.24,95.56,93.32,94.1,516676
30/01/2020,91.66,93.96,91.2,92.5,539240
31/01/2020,93,93.68,90.72,91.2,1084180
03/02/2020,91.8,92.68,91.52,92.6,484464
04/02/2020,93.66,96.6,93.6,96.44,708829
05/02/2020,97,98.7,96.1,98.08,576786
06/02/2020,98.6,99.26,96.8,97.7,281070
07/02/2020,96.6,96.8,94.2,94.74,598844
10/02/2020,94.86,95.5,91.34,92.16,648278
11/02/2020,93.22,94.2,92.26,94.2,879394
12/02/2020,94,96.86,94,96.8,324742
13/02/2020,95.44,95.88,94.02,94.68,328438
14/02/2020,95,95,93.42,93.9,247669
17/02/2020,94.9,95.94,94.5,95.56,113873
18/02/2020,94.38,94.72,93.1,93.4,282074
19/02/2020,94.02,94.72,93.58,93.72,259904
20/02/2020,93.82,94.74,90.6,92.26,616764
21/02/2020,90.5,91.7,89.82,90.88,379179
24/02/2020,89.08,89.08,84.42,84.92,857637
25/02/2020,84.92,87.94,84,84.02,915515
26/02/2020,83.3,83.9,80,82.08,1188996
27/02/2020,81.52,81.52,75.2,76.58,754212
28/02/2020,73.8,75,70,70.54,1779132
02/03/2020,74,75.52,70.7,73,1182780
03/03/2020,75,78.98,74.38,77.82,1200095
04/03/2020,77.26,78.8,75.6,75.6,584674
05/03/2020,77.14,77.34,73.02,73.12,619956
06/03/2020,71.72,71.82,69.06,69.96,950443
09/03/2020,62.98,65.7,60.94,62.2,1347285
10/03/2020,63.64,66.68,62,62.2,1151935
11/03/2020,62.7,63.78,58.54,58.8,1128981
12/03/2020,55.1,55.5,49.4,49.4,1341538
13/03/2020,52.8,56.9,50.24,52.48,1989523
16/03/2020,52.5,52.78,48.01,51.54,1934204
17/03/2020,53,56.82,52.88,55,1876124
18/03/2020,52,55.1,50.1,52.66,2053467
19/03/2020,53,58,52.98,56.46,1080645
20/03/2020,59.5,61.9,57.66,57.92,2049824
23/03/2020,56.42,57.4,54,54.64,1181462
24/03/2020,58,58.7,56.5,58.44,1145335
25/03/2020,61,61,56.6,58.96,1250882
26/03/2020,57.02,59.5,56.64,59.36,835103
27/03/2020,59.86,59.94,57.56,58.1,695695
30/03/2020,58.88,58.98,56.72,57.4,584804
31/03/2020,58.7,60.1,58.4,59.82,1003025
01/04/2020,59,59.88,58.08,58.72,636516
02/04/2020,58.9,59.4,57.22,58.96,784258
03/04/2020,58.96,59.34,57.3,59.24,1320204
06/04/2020,60.6,65.38,60.6,65,1319789
07/04/2020,67.82,71.58,67.6,69,1839137
08/04/2020,69.16,69.8,67.28,67.5,996446
09/04/2020,69,69.5,67.2,69.34,867360
14/04/2020,72.8,75.9,71.96,74.96,1376863
15/04/2020,76,76,69.52,70.26,1192745
16/04/2020,71,71.46,69.52,70.62,660305
17/04/2020,73.12,73.8,72.3,72.44,701791
20/04/2020,72.96,73.14,71.1,72.82,526120
21/04/2020,71.5,71.9,69.1,69.76,710567
22/04/2020,69.4,72.5,67.9,72,617107
23/04/2020,72.5,73.8,71.58,73.8,550731
24/04/2020,72.9,74.1,72.3,72.8,416431
27/04/2020,74,74.22,71.82,72.5,518691
28/04/2020,72.5,73.98,71.06,73.54,583511
29/04/2020,74,78.46,73.64,77.7,779039
30/04/2020,77.9,79.3,75.8,76.98,759522
04/05/2020,75,75.3,73.12,74,545829
05/05/2020,75,76.22,74.26,74.86,333140
06/05/2020,75,75.1,73.4,74,518069
07/05/2020,74.14,75.9,73.1,75.18,419259
08/05/2020,76.06,77.3,76.02,77,346591
11/05/2020,77.38,77.9,74.62,75.34,424455
12/05/2020,74.62,76.62,74.44,75.64,310463
13/05/2020,75,75.52,73.8,73.8,396288
14/05/2020,73.4,74.3,71.06,72,704586
15/05/2020,73,74.8,72.68,72.76,571077
18/05/2020,74.5,81.3,74.5,81.12,2216140
19/05/2020,81.78,83.98,80.34,82.9,908110
20/05/2020,82.9,83.52,81.28,83.1,586895
21/05/2020,83.1,83.3,80.9,81.1,471302
22/05/2020,79,80.34,78.08,79.92,425546
25/05/2020,80.8,81.26,80.14,80.44,181932
26/05/2020,82.1,85.34,81.56,85.2,851848
27/05/2020,85.2,88.86,84.18,85.32,1262369
28/05/2020,86.5,86.86,84.32,85.38,930194
29/05/2020,85,87,85,86.28,1211028
01/06/2020,88.3,88.86,86.5,87.42,482699
02/06/2020,87.6,88.8,86.9,88.1,676385
03/06/2020,88.3,89.82,87.68,87.86,770393
04/06/2020,87.8,89.12,87.08,88.2,618894
05/06/2020,89,92.3,88.78,91.52,1026007
08/06/2020,91.52,91.7,89.62,90.8,598281
09/06/2020,90.8,91.4,87.6,88.62,709871
10/06/2020,89,90.28,87.58,89.9,616858
12/06/2020,85.88,89,84.5,87.4,720754
15/06/2020,85.06,85.66,83.3,84.9,787609
16/06/2020,87,89.76,86.58,87.72,786346
17/06/2020,88.76,89.04,85.94,86.82,602092
18/06/2020,87,88.98,86.22,86.5,716203
19/06/2020,87.5,88.54,87.1,87.9,990876
22/06/2020,87.88,87.96,86.32,86.92,308182
23/06/2020,86.54,89.96,86.54,89.9,565992
24/06/2020,89.86,91.68,88.34,88.56,496999
25/06/2020,88.22,90.08,87.94,89.86,426844
26/06/2020,90,90.84,88.4,88.68,550372
29/06/2020,88.6,90.46,88.6,90.46,371375
30/06/2020,90.5,91.22,89.6,90.9,861061
